Run ID,1646643776
Run Date/Time,2022-03-07 09:02:05
Application Name,Labcyte Echo Plate Reformat
Application Version,1.6.4
Protocol Name,2022-03-07-00.2-echo-protocol-test.epr
User Name,Lab

[DETAILS]
Source Plate Name,Source Plate Barcode,Source Plate Type,Source Well,Survey Fluid Height,Survey Fluid Volume,Fluid Composition,Fluid Units,Fluid Type,Survey Status
Source[1],UnknownBarCode,384LDV_DMSO,A1,1.424,6.67,81.148,Percent,DMSO,
Source[1],UnknownBarCode,384LDV_DMSO,A2,0,0,0,Percent,DMSO,"Data missing for well (1th row, 2th column), defaulting to 0.0 percent DMSO"
Source[1],UnknownBarCode,384LDV_DMSO,A3,1.479,6.7,73.308,Percent,DMSO,
Source[1],UnknownBarCode,384LDV_DMSO,A4,0,0,0,Percent,DMSO,"Data missing for well (1th row, 4th column), defaulting to 0.0 percent DMSO"
Source[1],UnknownBarCode,384LDV_DMSO,A5,1.507,6.741,70.487,Percent,DMSO,
Source[1],UnknownBarCode,384LDV_DMSO,A6,0,0,0,Percent,DMSO,"Data missing for well (1th row, 6th column), defaulting to 0.0 percent DMSO"
Source[1],UnknownBarCode,384LDV_DMSO,A7,1.525,7.272,85.795,Percent,DMSO,
Source[1],UnknownBarCode,384LDV_DMSO,A8,0,0,0,Percent,DMSO,"Data missing for well (1th row, 8th column), defaulting to 0.0 percent DMSO"
Source[1],UnknownBarCode,384LDV_DMSO,A9,1.677,8.11,92.38,Percent,DMSO,
Source[1],UnknownBarCode,384LDV_DMSO,A10,0,0,0,Percent,DMSO,"Data missing for well (1th row, 10th column), defaulting to 0.0 percent DMSO"
Source[1],UnknownBarCode,384LDV_DMSO,A11,1.557,7.186,77.233,Percent,DMSO,
Source[1],UnknownBarCode,384LDV_DMSO,A12,0,0,0,Percent,DMSO,"Data missing for well (1th row, 12th column), defaulting to 0.0 percent DMSO"
Source[1],UnknownBarCode,384LDV_DMSO,A13,1.527,7.299,88.042,Percent,DMSO,
Source[1],UnknownBarCode,384LDV_DMSO,A14,0,0,0,Percent,DMSO,"Data missing for well (1th row, 14th column), defaulting to 0.0 percent DMSO"
Source[1],UnknownBarCode,384LDV_DMSO,A15,1.407,6.611,81.767,Percent,DMSO,
Source[1],UnknownBarCode,384LDV_DMSO,A16,0,0,0,Percent,DMSO,"Data missing for well (1th row, 16th column), defaulting to 0.0 percent DMSO"
Source[1],UnknownBarCode,384LDV_DMSO,A17,1.587,7.724,93.41,Percent,DMSO,
Source[1],UnknownBarCode,384LDV_DMSO,A18,0,0,0,Percent,DMSO,"Data missing for well (1th row, 18th column), defaulting to 0.0 percent DMSO"
Source[1],UnknownBarCode,384LDV_DMSO,A19,1.445,6.625,76.12,Percent,DMSO,
Source[1],UnknownBarCode,384LDV_DMSO,B1,0,0,0,Percent,DMSO,"Data missing for well (2th row, 1th column), defaulting to 0.0 percent DMSO"
Source[1],UnknownBarCode,384LDV_DMSO,B2,0,0,0,Percent,DMSO,"Data missing for well (2th row, 2th column), defaulting to 0.0 percent DMSO"
Source[1],UnknownBarCode,384LDV_DMSO,B3,0,0,0,Percent,DMSO,"Data missing for well (2th row, 3th column), defaulting to 0.0 percent DMSO"
Source[1],UnknownBarCode,384LDV_DMSO,B4,0,0,0,Percent,DMSO,"Data missing for well (2th row, 4th column), defaulting to 0.0 percent DMSO"
Source[1],UnknownBarCode,384LDV_DMSO,B5,0,0,0,Percent,DMSO,"Data missing for well (2th row, 5th column), defaulting to 0.0 percent DMSO"
Source[1],UnknownBarCode,384LDV_DMSO,B6,0,0,0,Percent,DMSO,"Data missing for well (2th row, 6th column), defaulting to 0.0 percent DMSO"
Source[1],UnknownBarCode,384LDV_DMSO,B7,0,0,0,Percent,DMSO,"Data missing for well (2th row, 7th column), defaulting to 0.0 percent DMSO"
Source[1],UnknownBarCode,384LDV_DMSO,B8,0,0,0,Percent,DMSO,"Data missing for well (2th row, 8th column), defaulting to 0.0 percent DMSO"
Source[1],UnknownBarCode,384LDV_DMSO,B9,0,0,0,Percent,DMSO,"Data missing for well (2th row, 9th column), defaulting to 0.0 percent DMSO"
Source[1],UnknownBarCode,384LDV_DMSO,B10,0,0,0,Percent,DMSO,"Data missing for well (2th row, 10th column), defaulting to 0.0 percent DMSO"
Source[1],UnknownBarCode,384LDV_DMSO,B11,0,0,0,Percent,DMSO,"Data missing for well (2th row, 11th column), defaulting to 0.0 percent DMSO"
Source[1],UnknownBarCode,384LDV_DMSO,B12,0,0,0,Percent,DMSO,"Data missing for well (2th row, 12th column), defaulting to 0.0 percent DMSO"
Source[1],UnknownBarCode,384LDV_DMSO,B13,0,0,0,Percent,DMSO,"Data missing for well (2th row, 13th column), defaulting to 0.0 percent DMSO"
Source[1],UnknownBarCode,384LDV_DMSO,B14,0,0,0,Percent,DMSO,"Data missing for well (2th row, 14th column), defaulting to 0.0 percent DMSO"
Source[1],UnknownBarCode,384LDV_DMSO,B15,0,0,0,Percent,DMSO,"Data missing for well (2th row, 15th column), defaulting to 0.0 percent DMSO"
Source[1],UnknownBarCode,384LDV_DMSO,B16,0,0,0,Percent,DMSO,"Data missing for well (2th row, 16th column), defaulting to 0.0 percent DMSO"
Source[1],UnknownBarCode,384LDV_DMSO,B17,0,0,0,Percent,DMSO,"Data missing for well (2th row, 17th column), defaulting to 0.0 percent DMSO"
Source[1],UnknownBarCode,384LDV_DMSO,B18,0,0,0,Percent,DMSO,"Data missing for well (2th row, 18th column), defaulting to 0.0 percent DMSO"
Source[1],UnknownBarCode,384LDV_DMSO,B19,0,0,0,Percent,DMSO,"Data missing for well (2th row, 19th column), defaulting to 0.0 percent DMSO"
Source[1],UnknownBarCode,384LDV_DMSO,C1,1.53,7.436,93.07,Percent,DMSO,
Source[1],UnknownBarCode,384LDV_DMSO,C2,0,0,0,Percent,DMSO,"Data missing for well (3th row, 2th column), defaulting to 0.0 percent DMSO"
Source[1],UnknownBarCode,384LDV_DMSO,C3,0,0,0,Percent,DMSO,"Data missing for well (3th row, 3th column), defaulting to 0.0 percent DMSO"
Source[1],UnknownBarCode,384LDV_DMSO,C4,0,0,0,Percent,DMSO,"Data missing for well (3th row, 4th column), defaulting to 0.0 percent DMSO"
Source[1],UnknownBarCode,384LDV_DMSO,C5,1.579,7.206,74.49,Percent,DMSO,
Source[1],UnknownBarCode,384LDV_DMSO,C6,0,0,0,Percent,DMSO,"Data missing for well (3th row, 6th column), defaulting to 0.0 percent DMSO"
Source[1],UnknownBarCode,384LDV_DMSO,C7,1.668,7.705,76.979,Percent,DMSO,
Source[1],UnknownBarCode,384LDV_DMSO,C8,0,0,0,Percent,DMSO,"Data missing for well (3th row, 8th column), defaulting to 0.0 percent DMSO"
Source[1],UnknownBarCode,384LDV_DMSO,C9,1.679,8.197,94.261,Percent,DMSO,
Source[1],UnknownBarCode,384LDV_DMSO,C10,0,0,0,Percent,DMSO,"Data missing for well (3th row, 10th column), defaulting to 0.0 percent DMSO"
Source[1],UnknownBarCode,384LDV_DMSO,C11,1.542,7.284,82.839,Percent,DMSO,
Source[1],UnknownBarCode,384LDV_DMSO,C12,0,0,0,Percent,DMSO,"Data missing for well (3th row, 12th column), defaulting to 0.0 percent DMSO"
Source[1],UnknownBarCode,384LDV_DMSO,C13,1.568,7.444,84.146,Percent,DMSO,
Source[1],UnknownBarCode,384LDV_DMSO,C14,0,0,0,Percent,DMSO,"Data missing for well (3th row, 14th column), defaulting to 0.0 percent DMSO"
Source[1],UnknownBarCode,384LDV_DMSO,C15,1.694,7.971,81.662,Percent,DMSO,
Source[1],UnknownBarCode,384LDV_DMSO,C16,0,0,0,Percent,DMSO,"Data missing for well (3th row, 16th column), defaulting to 0.0 percent DMSO"
Source[1],UnknownBarCode,384LDV_DMSO,C17,1.493,6.933,78.861,Percent,DMSO,
Source[1],UnknownBarCode,384LDV_DMSO,C18,0,0,0,Percent,DMSO,"Data missing for well (3th row, 18th column), defaulting to 0.0 percent DMSO"
Source[1],UnknownBarCode,384LDV_DMSO,C19,1.473,6.688,73.802,Percent,DMSO,
Source[1],UnknownBarCode,384LDV_DMSO,D1,0,0,0,Percent,DMSO,"Data missing for well (4th row, 1th column), defaulting to 0.0 percent DMSO"
Source[1],UnknownBarCode,384LDV_DMSO,D2,0,0,0,Percent,DMSO,"Data missing for well (4th row, 2th column), defaulting to 0.0 percent DMSO"
Source[1],UnknownBarCode,384LDV_DMSO,D3,0,0,0,Percent,DMSO,"Data missing for well (4th row, 3th column), defaulting to 0.0 percent DMSO"
Source[1],UnknownBarCode,384LDV_DMSO,D4,0,0,0,Percent,DMSO,"Data missing for well (4th row, 4th column), defaulting to 0.0 percent DMSO"
Source[1],UnknownBarCode,384LDV_DMSO,D5,0,0,0,Percent,DMSO,"Data missing for well (4th row, 5th column), defaulting to 0.0 percent DMSO"
Source[1],UnknownBarCode,384LDV_DMSO,D6,0,0,0,Percent,DMSO,"Data missing for well (4th row, 6th column), defaulting to 0.0 percent DMSO"
Source[1],UnknownBarCode,384LDV_DMSO,D7,0,0,0,Percent,DMSO,"Data missing for well (4th row, 7th column), defaulting to 0.0 percent DMSO"
Source[1],UnknownBarCode,384LDV_DMSO,D8,0,0,0,Percent,DMSO,"Data missing for well (4th row, 8th column), defaulting to 0.0 percent DMSO"
Source[1],UnknownBarCode,384LDV_DMSO,D9,0,0,0,Percent,DMSO,"Data missing for well (4th row, 9th column), defaulting to 0.0 percent DMSO"
Source[1],UnknownBarCode,384LDV_DMSO,D10,0,0,0,Percent,DMSO,"Data missing for well (4th row, 10th column), defaulting to 0.0 percent DMSO"
Source[1],UnknownBarCode,384LDV_DMSO,D11,0,0,0,Percent,DMSO,"Data missing for well (4th row, 11th column), defaulting to 0.0 percent DMSO"
Source[1],UnknownBarCode,384LDV_DMSO,D12,0,0,0,Percent,DMSO,"Data missing for well (4th row, 12th column), defaulting to 0.0 percent DMSO"
Source[1],UnknownBarCode,384LDV_DMSO,D13,0,0,0,Percent,DMSO,"Data missing for well (4th row, 13th column), defaulting to 0.0 percent DMSO"
Source[1],UnknownBarCode,384LDV_DMSO,D14,0,0,0,Percent,DMSO,"Data missing for well (4th row, 14th column), defaulting to 0.0 percent DMSO"
Source[1],UnknownBarCode,384LDV_DMSO,D15,0,0,0,Percent,DMSO,"Data missing for well (4th row, 15th column), defaulting to 0.0 percent DMSO"
Source[1],UnknownBarCode,384LDV_DMSO,D16,0,0,0,Percent,DMSO,"Data missing for well (4th row, 16th column), defaulting to 0.0 percent DMSO"
Source[1],UnknownBarCode,384LDV_DMSO,D17,0,0,0,Percent,DMSO,"Data missing for well (4th row, 17th column), defaulting to 0.0 percent DMSO"
Source[1],UnknownBarCode,384LDV_DMSO,D18,0,0,0,Percent,DMSO,"Data missing for well (4th row, 18th column), defaulting to 0.0 percent DMSO"
Source[1],UnknownBarCode,384LDV_DMSO,D19,0,0,0,Percent,DMSO,"Data missing for well (4th row, 19th column), defaulting to 0.0 percent DMSO"
Source[1],UnknownBarCode,384LDV_DMSO,E1,1.616,7.835,92.83,Percent,DMSO,
Source[1],UnknownBarCode,384LDV_DMSO,E2,0,0,0,Percent,DMSO,"Data missing for well (5th row, 2th column), defaulting to 0.0 percent DMSO"
Source[1],UnknownBarCode,384LDV_DMSO,E3,1.696,8.215,92.763,Percent,DMSO,
Source[1],UnknownBarCode,384LDV_DMSO,E4,0,0,0,Percent,DMSO,"Data missing for well (5th row, 4th column), defaulting to 0.0 percent DMSO"
Source[1],UnknownBarCode,384LDV_DMSO,E5,1.744,8.458,93.132,Percent,DMSO,
Source[1],UnknownBarCode,384LDV_DMSO,E6,0,0,0,Percent,DMSO,"Data missing for well (5th row, 6th column), defaulting to 0.0 percent DMSO"
Source[1],UnknownBarCode,384LDV_DMSO,E7,1.793,8.7,93.398,Percent,DMSO,
Source[1],UnknownBarCode,384LDV_DMSO,E8,0,0,0,Percent,DMSO,"Data missing for well (5th row, 8th column), defaulting to 0.0 percent DMSO"
Source[1],UnknownBarCode,384LDV_DMSO,E9,1.799,8.769,94.315,Percent,DMSO,
Source[1],UnknownBarCode,384LDV_DMSO,E10,0,0,0,Percent,DMSO,"Data missing for well (5th row, 10th column), defaulting to 0.0 percent DMSO"
Source[1],UnknownBarCode,384LDV_DMSO,E11,1.541,7.375,89.044,Percent,DMSO,
Source[1],UnknownBarCode,384LDV_DMSO,E12,0,0,0,Percent,DMSO,"Data missing for well (5th row, 12th column), defaulting to 0.0 percent DMSO"
Source[1],UnknownBarCode,384LDV_DMSO,E13,1.797,8.838,96.235,Percent,DMSO,
Source[1],UnknownBarCode,384LDV_DMSO,E14,0,0,0,Percent,DMSO,"Data missing for well (5th row, 14th column), defaulting to 0.0 percent DMSO"
Source[1],UnknownBarCode,384LDV_DMSO,E15,1.821,8.87,94.243,Percent,DMSO,
Source[1],UnknownBarCode,384LDV_DMSO,E16,0,0,0,Percent,DMSO,"Data missing for well (5th row, 16th column), defaulting to 0.0 percent DMSO"
Source[1],UnknownBarCode,384LDV_DMSO,E17,1.747,8.523,94.33,Percent,DMSO,
Source[1],UnknownBarCode,384LDV_DMSO,E18,0,0,0,Percent,DMSO,"Data missing for well (5th row, 18th column), defaulting to 0.0 percent DMSO"
Source[1],UnknownBarCode,384LDV_DMSO,E19,1.656,8.061,93.691,Percent,DMSO,
Source[1],UnknownBarCode,384LDV_DMSO,F1,0,0,0,Percent,DMSO,"Data missing for well (6th row, 1th column), defaulting to 0.0 percent DMSO"
Source[1],UnknownBarCode,384LDV_DMSO,F2,0,0,0,Percent,DMSO,"Data missing for well (6th row, 2th column), defaulting to 0.0 percent DMSO"
Source[1],UnknownBarCode,384LDV_DMSO,F3,0,0,0,Percent,DMSO,"Data missing for well (6th row, 3th column), defaulting to 0.0 percent DMSO"
Source[1],UnknownBarCode,384LDV_DMSO,F4,0,0,0,Percent,DMSO,"Data missing for well (6th row, 4th column), defaulting to 0.0 percent DMSO"
Source[1],UnknownBarCode,384LDV_DMSO,F5,0,0,0,Percent,DMSO,"Data missing for well (6th row, 5th column), defaulting to 0.0 percent DMSO"
Source[1],UnknownBarCode,384LDV_DMSO,F6,0,0,0,Percent,DMSO,"Data missing for well (6th row, 6th column), defaulting to 0.0 percent DMSO"
Source[1],UnknownBarCode,384LDV_DMSO,F7,0,0,0,Percent,DMSO,"Data missing for well (6th row, 7th column), defaulting to 0.0 percent DMSO"
Source[1],UnknownBarCode,384LDV_DMSO,F8,0,0,0,Percent,DMSO,"Data missing for well (6th row, 8th column), defaulting to 0.0 percent DMSO"
Source[1],UnknownBarCode,384LDV_DMSO,F9,0,0,0,Percent,DMSO,"Data missing for well (6th row, 9th column), defaulting to 0.0 percent DMSO"
Source[1],UnknownBarCode,384LDV_DMSO,F10,0,0,0,Percent,DMSO,"Data missing for well (6th row, 10th column), defaulting to 0.0 percent DMSO"
Source[1],UnknownBarCode,384LDV_DMSO,F11,0,0,0,Percent,DMSO,"Data missing for well (6th row, 11th column), defaulting to 0.0 percent DMSO"
Source[1],UnknownBarCode,384LDV_DMSO,F12,0,0,0,Percent,DMSO,"Data missing for well (6th row, 12th column), defaulting to 0.0 percent DMSO"
Source[1],UnknownBarCode,384LDV_DMSO,F13,0,0,0,Percent,DMSO,"Data missing for well (6th row, 13th column), defaulting to 0.0 percent DMSO"
Source[1],UnknownBarCode,384LDV_DMSO,F14,0,0,0,Percent,DMSO,"Data missing for well (6th row, 14th column), defaulting to 0.0 percent DMSO"
Source[1],UnknownBarCode,384LDV_DMSO,F15,0,0,0,Percent,DMSO,"Data missing for well (6th row, 15th column), defaulting to 0.0 percent DMSO"
Source[1],UnknownBarCode,384LDV_DMSO,F16,0,0,0,Percent,DMSO,"Data missing for well (6th row, 16th column), defaulting to 0.0 percent DMSO"
Source[1],UnknownBarCode,384LDV_DMSO,F17,0,0,0,Percent,DMSO,"Data missing for well (6th row, 17th column), defaulting to 0.0 percent DMSO"
Source[1],UnknownBarCode,384LDV_DMSO,F18,0,0,0,Percent,DMSO,"Data missing for well (6th row, 18th column), defaulting to 0.0 percent DMSO"
Source[1],UnknownBarCode,384LDV_DMSO,F19,0,0,0,Percent,DMSO,"Data missing for well (6th row, 19th column), defaulting to 0.0 percent DMSO"
Source[1],UnknownBarCode,384LDV_DMSO,G1,1.608,7.798,92.785,Percent,DMSO,
Source[1],UnknownBarCode,384LDV_DMSO,G2,0,0,0,Percent,DMSO,"Data missing for well (7th row, 2th column), defaulting to 0.0 percent DMSO"
Source[1],UnknownBarCode,384LDV_DMSO,G3,1.744,8.45,92.915,Percent,DMSO,
Source[1],UnknownBarCode,384LDV_DMSO,G4,0,0,0,Percent,DMSO,"Data missing for well (7th row, 4th column), defaulting to 0.0 percent DMSO"
Source[1],UnknownBarCode,384LDV_DMSO,G5,1.744,8.517,94.584,Percent,DMSO,
Source[1],UnknownBarCode,384LDV_DMSO,G6,0,0,0,Percent,DMSO,"Data missing for well (7th row, 6th column), defaulting to 0.0 percent DMSO"
Source[1],UnknownBarCode,384LDV_DMSO,G7,1.825,8.86,93.542,Percent,DMSO,
Source[1],UnknownBarCode,384LDV_DMSO,G8,0,0,0,Percent,DMSO,"Data missing for well (7th row, 8th column), defaulting to 0.0 percent DMSO"
Source[1],UnknownBarCode,384LDV_DMSO,G9,1.77,8.59,93.311,Percent,DMSO,
Source[1],UnknownBarCode,384LDV_DMSO,G10,0,0,0,Percent,DMSO,"Data missing for well (7th row, 10th column), defaulting to 0.0 percent DMSO"
Source[1],UnknownBarCode,384LDV_DMSO,G11,1.806,8.797,94.246,Percent,DMSO,
Source[1],UnknownBarCode,384LDV_DMSO,G12,0,0,0,Percent,DMSO,"Data missing for well (7th row, 12th column), defaulting to 0.0 percent DMSO"
Source[1],UnknownBarCode,384LDV_DMSO,G13,1.808,8.773,93.409,Percent,DMSO,
Source[1],UnknownBarCode,384LDV_DMSO,G14,0,0,0,Percent,DMSO,"Data missing for well (7th row, 14th column), defaulting to 0.0 percent DMSO"
Source[1],UnknownBarCode,384LDV_DMSO,G15,1.835,8.881,92.854,Percent,DMSO,
Source[1],UnknownBarCode,384LDV_DMSO,G16,0,0,0,Percent,DMSO,"Data missing for well (7th row, 16th column), defaulting to 0.0 percent DMSO"
Source[1],UnknownBarCode,384LDV_DMSO,G17,1.763,8.62,94.829,Percent,DMSO,
Source[1],UnknownBarCode,384LDV_DMSO,G18,0,0,0,Percent,DMSO,"Data missing for well (7th row, 18th column), defaulting to 0.0 percent DMSO"
Source[1],UnknownBarCode,384LDV_DMSO,G19,1.743,8.501,94.258,Percent,DMSO,
Source[1],UnknownBarCode,384LDV_DMSO,H1,0,0,0,Percent,DMSO,"Data missing for well (8th row, 1th column), defaulting to 0.0 percent DMSO"
Source[1],UnknownBarCode,384LDV_DMSO,H2,0,0,0,Percent,DMSO,"Data missing for well (8th row, 2th column), defaulting to 0.0 percent DMSO"
Source[1],UnknownBarCode,384LDV_DMSO,H3,0,0,0,Percent,DMSO,"Data missing for well (8th row, 3th column), defaulting to 0.0 percent DMSO"
Source[1],UnknownBarCode,384LDV_DMSO,H4,0,0,0,Percent,DMSO,"Data missing for well (8th row, 4th column), defaulting to 0.0 percent DMSO"
Source[1],UnknownBarCode,384LDV_DMSO,H5,0,0,0,Percent,DMSO,"Data missing for well (8th row, 5th column), defaulting to 0.0 percent DMSO"
Source[1],UnknownBarCode,384LDV_DMSO,H6,0,0,0,Percent,DMSO,"Data missing for well (8th row, 6th column), defaulting to 0.0 percent DMSO"
Source[1],UnknownBarCode,384LDV_DMSO,H7,0,0,0,Percent,DMSO,"Data missing for well (8th row, 7th column), defaulting to 0.0 percent DMSO"
Source[1],UnknownBarCode,384LDV_DMSO,H8,0,0,0,Percent,DMSO,"Data missing for well (8th row, 8th column), defaulting to 0.0 percent DMSO"
Source[1],UnknownBarCode,384LDV_DMSO,H9,0,0,0,Percent,DMSO,"Data missing for well (8th row, 9th column), defaulting to 0.0 percent DMSO"
Source[1],UnknownBarCode,384LDV_DMSO,H10,0,0,0,Percent,DMSO,"Data missing for well (8th row, 10th column), defaulting to 0.0 percent DMSO"
Source[1],UnknownBarCode,384LDV_DMSO,H11,0,0,0,Percent,DMSO,"Data missing for well (8th row, 11th column), defaulting to 0.0 percent DMSO"
Source[1],UnknownBarCode,384LDV_DMSO,H12,0,0,0,Percent,DMSO,"Data missing for well (8th row, 12th column), defaulting to 0.0 percent DMSO"
Source[1],UnknownBarCode,384LDV_DMSO,H13,0,0,0,Percent,DMSO,"Data missing for well (8th row, 13th column), defaulting to 0.0 percent DMSO"
Source[1],UnknownBarCode,384LDV_DMSO,H14,0,0,0,Percent,DMSO,"Data missing for well (8th row, 14th column), defaulting to 0.0 percent DMSO"
Source[1],UnknownBarCode,384LDV_DMSO,H15,0,0,0,Percent,DMSO,"Data missing for well (8th row, 15th column), defaulting to 0.0 percent DMSO"
Source[1],UnknownBarCode,384LDV_DMSO,H16,0,0,0,Percent,DMSO,"Data missing for well (8th row, 16th column), defaulting to 0.0 percent DMSO"
Source[1],UnknownBarCode,384LDV_DMSO,H17,0,0,0,Percent,DMSO,"Data missing for well (8th row, 17th column), defaulting to 0.0 percent DMSO"
Source[1],UnknownBarCode,384LDV_DMSO,H18,0,0,0,Percent,DMSO,"Data missing for well (8th row, 18th column), defaulting to 0.0 percent DMSO"
Source[1],UnknownBarCode,384LDV_DMSO,H19,0,0,0,Percent,DMSO,"Data missing for well (8th row, 19th column), defaulting to 0.0 percent DMSO"
Source[1],UnknownBarCode,384LDV_DMSO,I1,1.681,8.142,92.754,Percent,DMSO,
Source[1],UnknownBarCode,384LDV_DMSO,I2,0,0,0,Percent,DMSO,"Data missing for well (9th row, 2th column), defaulting to 0.0 percent DMSO"
Source[1],UnknownBarCode,384LDV_DMSO,I3,1.619,7.84,92.549,Percent,DMSO,
Source[1],UnknownBarCode,384LDV_DMSO,I4,0,0,0,Percent,DMSO,"Data missing for well (9th row, 4th column), defaulting to 0.0 percent DMSO"
Source[1],UnknownBarCode,384LDV_DMSO,I5,1.839,8.836,91.14,Percent,DMSO,
Source[1],UnknownBarCode,384LDV_DMSO,I6,0,0,0,Percent,DMSO,"Data missing for well (9th row, 6th column), defaulting to 0.0 percent DMSO"
Source[1],UnknownBarCode,384LDV_DMSO,I7,1.73,7.901,73.846,Percent,DMSO,
Source[1],UnknownBarCode,384LDV_DMSO,I8,0,0,0,Percent,DMSO,"Data missing for well (9th row, 8th column), defaulting to 0.0 percent DMSO"
Source[1],UnknownBarCode,384LDV_DMSO,I9,1.788,8.76,95.424,Percent,DMSO,
Source[1],UnknownBarCode,384LDV_DMSO,I10,0,0,0,Percent,DMSO,"Data missing for well (9th row, 10th column), defaulting to 0.0 percent DMSO"
Source[1],UnknownBarCode,384LDV_DMSO,I11,1.757,8.557,94.038,Percent,DMSO,
Source[1],UnknownBarCode,384LDV_DMSO,I12,0,0,0,Percent,DMSO,"Data missing for well (9th row, 12th column), defaulting to 0.0 percent DMSO"
Source[1],UnknownBarCode,384LDV_DMSO,I13,1.786,8.517,86.505,Percent,DMSO,
Source[1],UnknownBarCode,384LDV_DMSO,I14,0,0,0,Percent,DMSO,"Data missing for well (9th row, 14th column), defaulting to 0.0 percent DMSO"
Source[1],UnknownBarCode,384LDV_DMSO,I15,1.664,8.008,91.316,Percent,DMSO,
Source[1],UnknownBarCode,384LDV_DMSO,I16,0,0,0,Percent,DMSO,"Data missing for well (9th row, 16th column), defaulting to 0.0 percent DMSO"
Source[1],UnknownBarCode,384LDV_DMSO,I17,0,0,0,Percent,DMSO,"Data missing for well (9th row, 17th column), defaulting to 0.0 percent DMSO"
Source[1],UnknownBarCode,384LDV_DMSO,I18,0,0,0,Percent,DMSO,"Data missing for well (9th row, 18th column), defaulting to 0.0 percent DMSO"
Source[1],UnknownBarCode,384LDV_DMSO,I19,1.828,8.821,92.184,Percent,DMSO,
Source[1],UnknownBarCode,384LDV_DMSO,J1,0,0,0,Percent,DMSO,"Data missing for well (10th row, 1th column), defaulting to 0.0 percent DMSO"
Source[1],UnknownBarCode,384LDV_DMSO,J2,0,0,0,Percent,DMSO,"Data missing for well (10th row, 2th column), defaulting to 0.0 percent DMSO"
Source[1],UnknownBarCode,384LDV_DMSO,J3,0,0,0,Percent,DMSO,"Data missing for well (10th row, 3th column), defaulting to 0.0 percent DMSO"
Source[1],UnknownBarCode,384LDV_DMSO,J4,0,0,0,Percent,DMSO,"Data missing for well (10th row, 4th column), defaulting to 0.0 percent DMSO"
Source[1],UnknownBarCode,384LDV_DMSO,J5,0,0,0,Percent,DMSO,"Data missing for well (10th row, 5th column), defaulting to 0.0 percent DMSO"
Source[1],UnknownBarCode,384LDV_DMSO,J6,0,0,0,Percent,DMSO,"Data missing for well (10th row, 6th column), defaulting to 0.0 percent DMSO"
Source[1],UnknownBarCode,384LDV_DMSO,J7,0,0,0,Percent,DMSO,"Data missing for well (10th row, 7th column), defaulting to 0.0 percent DMSO"
Source[1],UnknownBarCode,384LDV_DMSO,J8,0,0,0,Percent,DMSO,"Data missing for well (10th row, 8th column), defaulting to 0.0 percent DMSO"
Source[1],UnknownBarCode,384LDV_DMSO,J9,0,0,0,Percent,DMSO,"Data missing for well (10th row, 9th column), defaulting to 0.0 percent DMSO"
Source[1],UnknownBarCode,384LDV_DMSO,J10,0,0,0,Percent,DMSO,"Data missing for well (10th row, 10th column), defaulting to 0.0 percent DMSO"
Source[1],UnknownBarCode,384LDV_DMSO,J11,0,0,0,Percent,DMSO,"Data missing for well (10th row, 11th column), defaulting to 0.0 percent DMSO"
Source[1],UnknownBarCode,384LDV_DMSO,J12,0,0,0,Percent,DMSO,"Data missing for well (10th row, 12th column), defaulting to 0.0 percent DMSO"
Source[1],UnknownBarCode,384LDV_DMSO,J13,0,0,0,Percent,DMSO,"Data missing for well (10th row, 13th column), defaulting to 0.0 percent DMSO"
Source[1],UnknownBarCode,384LDV_DMSO,J14,0,0,0,Percent,DMSO,"Data missing for well (10th row, 14th column), defaulting to 0.0 percent DMSO"
Source[1],UnknownBarCode,384LDV_DMSO,J15,0,0,0,Percent,DMSO,"Data missing for well (10th row, 15th column), defaulting to 0.0 percent DMSO"
Source[1],UnknownBarCode,384LDV_DMSO,J16,0,0,0,Percent,DMSO,"Data missing for well (10th row, 16th column), defaulting to 0.0 percent DMSO"
Source[1],UnknownBarCode,384LDV_DMSO,J17,0,0,0,Percent,DMSO,"Data missing for well (10th row, 17th column), defaulting to 0.0 percent DMSO"
Source[1],UnknownBarCode,384LDV_DMSO,J18,0,0,0,Percent,DMSO,"Data missing for well (10th row, 18th column), defaulting to 0.0 percent DMSO"
Source[1],UnknownBarCode,384LDV_DMSO,J19,0,0,0,Percent,DMSO,"Data missing for well (10th row, 19th column), defaulting to 0.0 percent DMSO"
Source[1],UnknownBarCode,384LDV_DMSO,K1,1.659,7.947,90.121,Percent,DMSO,
Source[1],UnknownBarCode,384LDV_DMSO,K2,0,0,0,Percent,DMSO,"Data missing for well (11th row, 2th column), defaulting to 0.0 percent DMSO"
Source[1],UnknownBarCode,384LDV_DMSO,K3,1.663,8.045,92.486,Percent,DMSO,
Source[1],UnknownBarCode,384LDV_DMSO,K4,0,0,0,Percent,DMSO,"Data missing for well (11th row, 4th column), defaulting to 0.0 percent DMSO"
Source[1],UnknownBarCode,384LDV_DMSO,K5,1.779,8.532,90.686,Percent,DMSO,
Source[1],UnknownBarCode,384LDV_DMSO,K6,0,0,0,Percent,DMSO,"Data missing for well (11th row, 6th column), defaulting to 0.0 percent DMSO"
Source[1],UnknownBarCode,384LDV_DMSO,K7,1.789,8.533,86.481,Percent,DMSO,
Source[1],UnknownBarCode,384LDV_DMSO,K8,0,0,0,Percent,DMSO,"Data missing for well (11th row, 8th column), defaulting to 0.0 percent DMSO"
Source[1],UnknownBarCode,384LDV_DMSO,K9,1.767,8.576,93.333,Percent,DMSO,
Source[1],UnknownBarCode,384LDV_DMSO,K10,0,0,0,Percent,DMSO,"Data missing for well (11th row, 10th column), defaulting to 0.0 percent DMSO"
Source[1],UnknownBarCode,384LDV_DMSO,K11,1.675,8.017,89.346,Percent,DMSO,
Source[1],UnknownBarCode,384LDV_DMSO,K12,0,0,0,Percent,DMSO,"Data missing for well (11th row, 12th column), defaulting to 0.0 percent DMSO"
Source[1],UnknownBarCode,384LDV_DMSO,K13,1.649,8.062,94.476,Percent,DMSO,
Source[1],UnknownBarCode,384LDV_DMSO,K14,0,0,0,Percent,DMSO,"Data missing for well (11th row, 14th column), defaulting to 0.0 percent DMSO"
Source[1],UnknownBarCode,384LDV_DMSO,K15,1.657,7.935,89.981,Percent,DMSO,
Source[1],UnknownBarCode,384LDV_DMSO,K16,0,0,0,Percent,DMSO,"Data missing for well (11th row, 16th column), defaulting to 0.0 percent DMSO"
Source[1],UnknownBarCode,384LDV_DMSO,K17,1.712,8.339,93.974,Percent,DMSO,
Source[1],UnknownBarCode,384LDV_DMSO,K18,0,0,0,Percent,DMSO,"Data missing for well (11th row, 18th column), defaulting to 0.0 percent DMSO"
Source[1],UnknownBarCode,384LDV_DMSO,K19,2.22,10.466,81.481,Percent,DMSO,
Source[1],UnknownBarCode,384LDV_DMSO,L1,0,0,0,Percent,DMSO,"Data missing for well (12th row, 1th column), defaulting to 0.0 percent DMSO"
Source[1],UnknownBarCode,384LDV_DMSO,L2,0,0,0,Percent,DMSO,"Data missing for well (12th row, 2th column), defaulting to 0.0 percent DMSO"
Source[1],UnknownBarCode,384LDV_DMSO,L3,0,0,0,Percent,DMSO,"Data missing for well (12th row, 3th column), defaulting to 0.0 percent DMSO"
Source[1],UnknownBarCode,384LDV_DMSO,L4,0,0,0,Percent,DMSO,"Data missing for well (12th row, 4th column), defaulting to 0.0 percent DMSO"
Source[1],UnknownBarCode,384LDV_DMSO,L5,0,0,0,Percent,DMSO,"Data missing for well (12th row, 5th column), defaulting to 0.0 percent DMSO"
Source[1],UnknownBarCode,384LDV_DMSO,L6,0,0,0,Percent,DMSO,"Data missing for well (12th row, 6th column), defaulting to 0.0 percent DMSO"
Source[1],UnknownBarCode,384LDV_DMSO,L7,0,0,0,Percent,DMSO,"Data missing for well (12th row, 7th column), defaulting to 0.0 percent DMSO"
Source[1],UnknownBarCode,384LDV_DMSO,L8,0,0,0,Percent,DMSO,"Data missing for well (12th row, 8th column), defaulting to 0.0 percent DMSO"
Source[1],UnknownBarCode,384LDV_DMSO,L9,0,0,0,Percent,DMSO,"Data missing for well (12th row, 9th column), defaulting to 0.0 percent DMSO"
Source[1],UnknownBarCode,384LDV_DMSO,L10,0,0,0,Percent,DMSO,"Data missing for well (12th row, 10th column), defaulting to 0.0 percent DMSO"
Source[1],UnknownBarCode,384LDV_DMSO,L11,0,0,0,Percent,DMSO,"Data missing for well (12th row, 11th column), defaulting to 0.0 percent DMSO"
Source[1],UnknownBarCode,384LDV_DMSO,L12,0,0,0,Percent,DMSO,"Data missing for well (12th row, 12th column), defaulting to 0.0 percent DMSO"
Source[1],UnknownBarCode,384LDV_DMSO,L13,0,0,0,Percent,DMSO,"Data missing for well (12th row, 13th column), defaulting to 0.0 percent DMSO"
Source[1],UnknownBarCode,384LDV_DMSO,L14,0,0,0,Percent,DMSO,"Data missing for well (12th row, 14th column), defaulting to 0.0 percent DMSO"
Source[1],UnknownBarCode,384LDV_DMSO,L15,0,0,0,Percent,DMSO,"Data missing for well (12th row, 15th column), defaulting to 0.0 percent DMSO"
Source[1],UnknownBarCode,384LDV_DMSO,L16,0,0,0,Percent,DMSO,"Data missing for well (12th row, 16th column), defaulting to 0.0 percent DMSO"
Source[1],UnknownBarCode,384LDV_DMSO,L17,0,0,0,Percent,DMSO,"Data missing for well (12th row, 17th column), defaulting to 0.0 percent DMSO"
Source[1],UnknownBarCode,384LDV_DMSO,L18,0,0,0,Percent,DMSO,"Data missing for well (12th row, 18th column), defaulting to 0.0 percent DMSO"
Source[1],UnknownBarCode,384LDV_DMSO,L19,0,0,0,Percent,DMSO,"Data missing for well (12th row, 19th column), defaulting to 0.0 percent DMSO"
Source[1],UnknownBarCode,384LDV_DMSO,M1,1.693,7.922,80.113,Percent,DMSO,
Source[1],UnknownBarCode,384LDV_DMSO,M2,0,0,0,Percent,DMSO,"Data missing for well (13th row, 2th column), defaulting to 0.0 percent DMSO"
Source[1],UnknownBarCode,384LDV_DMSO,M3,1.543,7.237,81.086,Percent,DMSO,
Source[1],UnknownBarCode,384LDV_DMSO,M4,0,0,0,Percent,DMSO,"Data missing for well (13th row, 4th column), defaulting to 0.0 percent DMSO"
Source[1],UnknownBarCode,384LDV_DMSO,M5,1.631,7.717,83.132,Percent,DMSO,
Source[1],UnknownBarCode,384LDV_DMSO,M6,0,0,0,Percent,DMSO,"Data missing for well (13th row, 6th column), defaulting to 0.0 percent DMSO"
Source[1],UnknownBarCode,384LDV_DMSO,M7,1.703,8.201,91.566,Percent,DMSO,
Source[1],UnknownBarCode,384LDV_DMSO,M8,0,0,0,Percent,DMSO,"Data missing for well (13th row, 8th column), defaulting to 0.0 percent DMSO"
Source[1],UnknownBarCode,384LDV_DMSO,M9,1.741,8.411,92.335,Percent,DMSO,
Source[1],UnknownBarCode,384LDV_DMSO,M10,0,0,0,Percent,DMSO,"Data missing for well (13th row, 10th column), defaulting to 0.0 percent DMSO"
Source[1],UnknownBarCode,384LDV_DMSO,M11,1.768,8.559,92.737,Percent,DMSO,
Source[1],UnknownBarCode,384LDV_DMSO,M12,0,0,0,Percent,DMSO,"Data missing for well (13th row, 12th column), defaulting to 0.0 percent DMSO"
Source[1],UnknownBarCode,384LDV_DMSO,M13,1.71,8.191,90.161,Percent,DMSO,
Source[1],UnknownBarCode,384LDV_DMSO,M14,0,0,0,Percent,DMSO,"Data missing for well (13th row, 14th column), defaulting to 0.0 percent DMSO"
Source[1],UnknownBarCode,384LDV_DMSO,M15,0,0,0,Percent,DMSO,"Data missing for well (13th row, 15th column), defaulting to 0.0 percent DMSO"
Source[1],UnknownBarCode,384LDV_DMSO,M16,0,0,0,Percent,DMSO,"Data missing for well (13th row, 16th column), defaulting to 0.0 percent DMSO"
Source[1],UnknownBarCode,384LDV_DMSO,M17,1.145,5.605,92.97,Percent,DMSO,
Source[1],UnknownBarCode,384LDV_DMSO,M18,0,0,0,Percent,DMSO,"Data missing for well (13th row, 18th column), defaulting to 0.0 percent DMSO"
Source[1],UnknownBarCode,384LDV_DMSO,M19,2.25,10.591,80.814,Percent,DMSO,
Source[1],UnknownBarCode,384LDV_DMSO,N1,0,0,0,Percent,DMSO,"Data missing for well (14th row, 1th column), defaulting to 0.0 percent DMSO"
Source[1],UnknownBarCode,384LDV_DMSO,N2,0,0,0,Percent,DMSO,"Data missing for well (14th row, 2th column), defaulting to 0.0 percent DMSO"
Source[1],UnknownBarCode,384LDV_DMSO,N3,0,0,0,Percent,DMSO,"Data missing for well (14th row, 3th column), defaulting to 0.0 percent DMSO"
Source[1],UnknownBarCode,384LDV_DMSO,N4,0,0,0,Percent,DMSO,"Data missing for well (14th row, 4th column), defaulting to 0.0 percent DMSO"
Source[1],UnknownBarCode,384LDV_DMSO,N5,0,0,0,Percent,DMSO,"Data missing for well (14th row, 5th column), defaulting to 0.0 percent DMSO"
Source[1],UnknownBarCode,384LDV_DMSO,N6,0,0,0,Percent,DMSO,"Data missing for well (14th row, 6th column), defaulting to 0.0 percent DMSO"
Source[1],UnknownBarCode,384LDV_DMSO,N7,0,0,0,Percent,DMSO,"Data missing for well (14th row, 7th column), defaulting to 0.0 percent DMSO"
Source[1],UnknownBarCode,384LDV_DMSO,N8,0,0,0,Percent,DMSO,"Data missing for well (14th row, 8th column), defaulting to 0.0 percent DMSO"
Source[1],UnknownBarCode,384LDV_DMSO,N9,0,0,0,Percent,DMSO,"Data missing for well (14th row, 9th column), defaulting to 0.0 percent DMSO"
Source[1],UnknownBarCode,384LDV_DMSO,N10,0,0,0,Percent,DMSO,"Data missing for well (14th row, 10th column), defaulting to 0.0 percent DMSO"
Source[1],UnknownBarCode,384LDV_DMSO,N11,0,0,0,Percent,DMSO,"Data missing for well (14th row, 11th column), defaulting to 0.0 percent DMSO"
Source[1],UnknownBarCode,384LDV_DMSO,N12,0,0,0,Percent,DMSO,"Data missing for well (14th row, 12th column), defaulting to 0.0 percent DMSO"
Source[1],UnknownBarCode,384LDV_DMSO,N13,0,0,0,Percent,DMSO,"Data missing for well (14th row, 13th column), defaulting to 0.0 percent DMSO"
Source[1],UnknownBarCode,384LDV_DMSO,N14,0,0,0,Percent,DMSO,"Data missing for well (14th row, 14th column), defaulting to 0.0 percent DMSO"
Source[1],UnknownBarCode,384LDV_DMSO,N15,0,0,0,Percent,DMSO,"Data missing for well (14th row, 15th column), defaulting to 0.0 percent DMSO"
Source[1],UnknownBarCode,384LDV_DMSO,N16,0,0,0,Percent,DMSO,"Data missing for well (14th row, 16th column), defaulting to 0.0 percent DMSO"
Source[1],UnknownBarCode,384LDV_DMSO,N17,0,0,0,Percent,DMSO,"Data missing for well (14th row, 17th column), defaulting to 0.0 percent DMSO"
Source[1],UnknownBarCode,384LDV_DMSO,N18,0,0,0,Percent,DMSO,"Data missing for well (14th row, 18th column), defaulting to 0.0 percent DMSO"
Source[1],UnknownBarCode,384LDV_DMSO,N19,0,0,0,Percent,DMSO,"Data missing for well (14th row, 19th column), defaulting to 0.0 percent DMSO"
Source[1],UnknownBarCode,384LDV_DMSO,O1,1.475,6.617,71.356,Percent,DMSO,
Source[1],UnknownBarCode,384LDV_DMSO,O2,0,0,0,Percent,DMSO,"Data missing for well (15th row, 2th column), defaulting to 0.0 percent DMSO"
Source[1],UnknownBarCode,384LDV_DMSO,O3,1.534,7.36,90.705,Percent,DMSO,
Source[1],UnknownBarCode,384LDV_DMSO,O4,0,0,0,Percent,DMSO,"Data missing for well (15th row, 4th column), defaulting to 0.0 percent DMSO"
Source[1],UnknownBarCode,384LDV_DMSO,O5,1.383,6.149,70.487,Percent,DMSO,
Source[1],UnknownBarCode,384LDV_DMSO,O6,0,0,0,Percent,DMSO,"Data missing for well (15th row, 6th column), defaulting to 0.0 percent DMSO"
Source[1],UnknownBarCode,384LDV_DMSO,O7,1.488,6.927,79.451,Percent,DMSO,
Source[1],UnknownBarCode,384LDV_DMSO,O8,0,0,0,Percent,DMSO,"Data missing for well (15th row, 8th column), defaulting to 0.0 percent DMSO"
Source[1],UnknownBarCode,384LDV_DMSO,O9,1.458,6.916,83.894,Percent,DMSO,
Source[1],UnknownBarCode,384LDV_DMSO,O10,0,0,0,Percent,DMSO,"Data missing for well (15th row, 10th column), defaulting to 0.0 percent DMSO"
Source[1],UnknownBarCode,384LDV_DMSO,O11,1.595,7.58,84.292,Percent,DMSO,
Source[1],UnknownBarCode,384LDV_DMSO,O12,0,0,0,Percent,DMSO,"Data missing for well (15th row, 12th column), defaulting to 0.0 percent DMSO"
Source[1],UnknownBarCode,384LDV_DMSO,O13,1.695,8.173,91.873,Percent,DMSO,
Source[1],UnknownBarCode,384LDV_DMSO,O14,0,0,0,Percent,DMSO,"Data missing for well (15th row, 14th column), defaulting to 0.0 percent DMSO"
Source[1],UnknownBarCode,384LDV_DMSO,O15,1.375,6.587,89.427,Percent,DMSO,
Source[1],UnknownBarCode,384LDV_DMSO,O16,0,0,0,Percent,DMSO,"Data missing for well (15th row, 16th column), defaulting to 0.0 percent DMSO"
Source[1],UnknownBarCode,384LDV_DMSO,O17,1.707,8.344,94.616,Percent,DMSO,
Source[1],UnknownBarCode,384LDV_DMSO,O18,0,0,0,Percent,DMSO,"Data missing for well (15th row, 18th column), defaulting to 0.0 percent DMSO"
Source[1],UnknownBarCode,384LDV_DMSO,O19,2.244,10.825,92.764,Percent,DMSO,
Source[1],UnknownBarCode,384LDV_DMSO,A20,0,0,0,Percent,DMSO,"Data missing on PADDED well (1th row, 20th column), defaulting to 0.0 percent DMSO"
Source[1],UnknownBarCode,384LDV_DMSO,B20,0,0,0,Percent,DMSO,"Data missing on PADDED well (2th row, 20th column), defaulting to 0.0 percent DMSO"
Source[1],UnknownBarCode,384LDV_DMSO,C20,0,0,0,Percent,DMSO,"Data missing on PADDED well (3th row, 20th column), defaulting to 0.0 percent DMSO"
Source[1],UnknownBarCode,384LDV_DMSO,D20,0,0,0,Percent,DMSO,"Data missing on PADDED well (4th row, 20th column), defaulting to 0.0 percent DMSO"
Source[1],UnknownBarCode,384LDV_DMSO,E20,0,0,0,Percent,DMSO,"Data missing on PADDED well (5th row, 20th column), defaulting to 0.0 percent DMSO"
Source[1],UnknownBarCode,384LDV_DMSO,F20,0,0,0,Percent,DMSO,"Data missing on PADDED well (6th row, 20th column), defaulting to 0.0 percent DMSO"
Source[1],UnknownBarCode,384LDV_DMSO,G20,0,0,0,Percent,DMSO,"Data missing on PADDED well (7th row, 20th column), defaulting to 0.0 percent DMSO"
Source[1],UnknownBarCode,384LDV_DMSO,H20,0,0,0,Percent,DMSO,"Data missing on PADDED well (8th row, 20th column), defaulting to 0.0 percent DMSO"
Source[1],UnknownBarCode,384LDV_DMSO,I20,0,0,0,Percent,DMSO,"Data missing on PADDED well (9th row, 20th column), defaulting to 0.0 percent DMSO"
Source[1],UnknownBarCode,384LDV_DMSO,J20,0,0,0,Percent,DMSO,"Data missing on PADDED well (10th row, 20th column), defaulting to 0.0 percent DMSO"
Source[1],UnknownBarCode,384LDV_DMSO,K20,0,0,0,Percent,DMSO,"Data missing on PADDED well (11th row, 20th column), defaulting to 0.0 percent DMSO"
Source[1],UnknownBarCode,384LDV_DMSO,L20,0,0,0,Percent,DMSO,"Data missing on PADDED well (12th row, 20th column), defaulting to 0.0 percent DMSO"
Source[1],UnknownBarCode,384LDV_DMSO,M20,0,0,0,Percent,DMSO,"Data missing on PADDED well (13th row, 20th column), defaulting to 0.0 percent DMSO"
Source[1],UnknownBarCode,384LDV_DMSO,N20,0,0,0,Percent,DMSO,"Data missing on PADDED well (14th row, 20th column), defaulting to 0.0 percent DMSO"
Source[1],UnknownBarCode,384LDV_DMSO,O20,0,0,0,Percent,DMSO,"Data missing on PADDED well (15th row, 20th column), defaulting to 0.0 percent DMSO"
Source[1],UnknownBarCode,384LDV_DMSO,P1,0,0,0,Percent,DMSO,"Data missing for well (16th row, 1th column), defaulting to 0.0 percent DMSO"
Source[1],UnknownBarCode,384LDV_DMSO,P2,0,0,0,Percent,DMSO,"Data missing for well (16th row, 2th column), defaulting to 0.0 percent DMSO"
Source[1],UnknownBarCode,384LDV_DMSO,P3,0,0,0,Percent,DMSO,"Data missing for well (16th row, 3th column), defaulting to 0.0 percent DMSO"
Source[1],UnknownBarCode,384LDV_DMSO,P4,0,0,0,Percent,DMSO,"Data missing for well (16th row, 4th column), defaulting to 0.0 percent DMSO"
Source[1],UnknownBarCode,384LDV_DMSO,P5,0,0,0,Percent,DMSO,"Data missing for well (16th row, 5th column), defaulting to 0.0 percent DMSO"
Source[1],UnknownBarCode,384LDV_DMSO,P6,0,0,0,Percent,DMSO,"Data missing for well (16th row, 6th column), defaulting to 0.0 percent DMSO"
Source[1],UnknownBarCode,384LDV_DMSO,P7,0,0,0,Percent,DMSO,"Data missing for well (16th row, 7th column), defaulting to 0.0 percent DMSO"
Source[1],UnknownBarCode,384LDV_DMSO,P8,0,0,0,Percent,DMSO,"Data missing for well (16th row, 8th column), defaulting to 0.0 percent DMSO"
Source[1],UnknownBarCode,384LDV_DMSO,P9,0,0,0,Percent,DMSO,"Data missing for well (16th row, 9th column), defaulting to 0.0 percent DMSO"
Source[1],UnknownBarCode,384LDV_DMSO,P10,0,0,0,Percent,DMSO,"Data missing for well (16th row, 10th column), defaulting to 0.0 percent DMSO"
Source[1],UnknownBarCode,384LDV_DMSO,P11,0,0,0,Percent,DMSO,"Data missing for well (16th row, 11th column), defaulting to 0.0 percent DMSO"
Source[1],UnknownBarCode,384LDV_DMSO,P12,0,0,0,Percent,DMSO,"Data missing for well (16th row, 12th column), defaulting to 0.0 percent DMSO"
Source[1],UnknownBarCode,384LDV_DMSO,P13,0,0,0,Percent,DMSO,"Data missing for well (16th row, 13th column), defaulting to 0.0 percent DMSO"
Source[1],UnknownBarCode,384LDV_DMSO,P14,0,0,0,Percent,DMSO,"Data missing for well (16th row, 14th column), defaulting to 0.0 percent DMSO"
Source[1],UnknownBarCode,384LDV_DMSO,P15,0,0,0,Percent,DMSO,"Data missing for well (16th row, 15th column), defaulting to 0.0 percent DMSO"
Source[1],UnknownBarCode,384LDV_DMSO,P16,0,0,0,Percent,DMSO,"Data missing for well (16th row, 16th column), defaulting to 0.0 percent DMSO"
Source[1],UnknownBarCode,384LDV_DMSO,P17,0,0,0,Percent,DMSO,"Data missing for well (16th row, 17th column), defaulting to 0.0 percent DMSO"
Source[1],UnknownBarCode,384LDV_DMSO,P18,0,0,0,Percent,DMSO,"Data missing for well (16th row, 18th column), defaulting to 0.0 percent DMSO"
Source[1],UnknownBarCode,384LDV_DMSO,P19,0,0,0,Percent,DMSO,"Data missing for well (16th row, 19th column), defaulting to 0.0 percent DMSO"
Source[1],UnknownBarCode,384LDV_DMSO,P20,0,0,0,Percent,DMSO,"Data missing on PADDED well (16th row, 20th column), defaulting to 0.0 percent DMSO"

Instrument Name,E5XX-1564
Instrument Model,Echo 550
Instrument Serial Number,E5XX-1564
Instrument Software Version,2.5.15

