Run ID,1615473019
Run Date/Time,2021-03-11 14:26:47
Application Name,Labcyte Echo Plate Reformat
Application Version,1.6.4
Protocol Name,a1dmso.epr
User Name,Lab

[DETAILS]
Source Plate Name,Source Plate Barcode,Source Plate Type,Source Well,Destination Plate Name,Destination Plate Barcode,Destination Plate Type,Destination Well,Destination Well X Offset,Destination Well Y Offset,Sample ID,Sample Name,Transfer Volume,Actual Volume,Current Fluid Volume,Fluid Composition,Fluid Units,Fluid Type,Transfer Status
Source[1],,384PP_DMSO2,A1,Destination[1],,384PP_Dest,A1,0,0,,,1500,1500,61.687,98.031,Percent,DMSO,
Source[1],,384PP_DMSO2,A1,Destination[1],,384PP_Dest,A2,0,0,,,1495,1495,60.192,98.031,Percent,DMSO,
Source[1],,384PP_DMSO2,A1,Destination[1],,384PP_Dest,A3,0,0,,,1465,1465,58.727,98.031,Percent,DMSO,
Source[1],,384PP_DMSO2,A1,Destination[1],,384PP_Dest,A4,0,0,,,1382.5,1382.5,57.344,98.031,Percent,DMSO,
Source[1],,384PP_DMSO2,A1,Destination[1],,384PP_Dest,A5,0,0,,,1220,1220,56.124,98.031,Percent,DMSO,
Source[1],,384PP_DMSO2,A1,Destination[1],,384PP_Dest,A6,0,0,,,952.5,952.5,55.172,98.031,Percent,DMSO,
Source[1],,384PP_DMSO2,A1,Destination[1],,384PP_Dest,A7,0,0,,,555,555,54.617,98.031,Percent,DMSO,
Source[1],,384PP_DMSO2,A1,Destination[1],,384PP_Dest,A9,0,0,,,1500,1500,53.753,99.511,Percent,DMSO,
Source[1],,384PP_DMSO2,A1,Destination[1],,384PP_Dest,A10,0,0,,,1495,1495,52.258,99.511,Percent,DMSO,
Source[1],,384PP_DMSO2,A1,Destination[1],,384PP_Dest,A11,0,0,,,1465,1465,50.793,99.511,Percent,DMSO,
Source[1],,384PP_DMSO2,A1,Destination[1],,384PP_Dest,A12,0,0,,,1382.5,1382.5,49.411,99.511,Percent,DMSO,
Source[1],,384PP_DMSO2,A1,Destination[1],,384PP_Dest,A13,0,0,,,1220,1220,48.191,99.511,Percent,DMSO,
Source[1],,384PP_DMSO2,A1,Destination[1],,384PP_Dest,A14,0,0,,,952.5,952.5,47.238,99.511,Percent,DMSO,
Source[1],,384PP_DMSO2,A1,Destination[1],,384PP_Dest,A15,0,0,,,555,555,46.683,99.511,Percent,DMSO,
Source[1],,384PP_DMSO2,A1,Destination[1],,384PP_Dest,A17,0,0,,,1500,1500,44.765,99.301,Percent,DMSO,
Source[1],,384PP_DMSO2,A1,Destination[1],,384PP_Dest,A18,0,0,,,1495,1495,43.27,99.301,Percent,DMSO,
Source[1],,384PP_DMSO2,A1,Destination[1],,384PP_Dest,A19,0,0,,,1465,1465,41.805,99.301,Percent,DMSO,
Source[1],,384PP_DMSO2,A1,Destination[1],,384PP_Dest,A20,0,0,,,1382.5,1382.5,40.423,99.301,Percent,DMSO,
Source[1],,384PP_DMSO2,A1,Destination[1],,384PP_Dest,A21,0,0,,,1220,1220,39.203,99.301,Percent,DMSO,
Source[1],,384PP_DMSO2,A1,Destination[1],,384PP_Dest,A22,0,0,,,952.5,952.5,38.25,99.301,Percent,DMSO,
Source[1],,384PP_DMSO2,A1,Destination[1],,384PP_Dest,A23,0,0,,,555,555,37.695,99.301,Percent,DMSO,
Source[1],,384PP_DMSO2,A1,Destination[1],,384PP_Dest,B1,0,0,,,1500,1500,35.205,99.289,Percent,DMSO,
Source[1],,384PP_DMSO2,A1,Destination[1],,384PP_Dest,B2,0,0,,,1495,1495,33.71,99.289,Percent,DMSO,
Source[1],,384PP_DMSO2,A1,Destination[1],,384PP_Dest,B3,0,0,,,1465,1465,32.245,99.289,Percent,DMSO,
Source[1],,384PP_DMSO2,A1,Destination[1],,384PP_Dest,B4,0,0,,,1382.5,1382.5,30.863,99.289,Percent,DMSO,
Source[1],,384PP_DMSO2,A1,Destination[1],,384PP_Dest,B5,0,0,,,1220,1220,29.643,99.289,Percent,DMSO,
Source[1],,384PP_DMSO2,A1,Destination[1],,384PP_Dest,B6,0,0,,,952.5,952.5,28.69,99.289,Percent,DMSO,
Source[1],,384PP_DMSO2,A1,Destination[1],,384PP_Dest,B7,0,0,,,555,555,28.135,99.289,Percent,DMSO,
Source[1],,384PP_DMSO2,A1,Destination[1],,384PP_Dest,B9,0,0,,,1500,1500,25.897,98.952,Percent,DMSO,
Source[1],,384PP_DMSO2,A1,Destination[1],,384PP_Dest,B10,0,0,,,1495,1495,24.402,98.952,Percent,DMSO,
Source[1],,384PP_DMSO2,A1,Destination[1],,384PP_Dest,B11,0,0,,,1465,1465,22.937,98.952,Percent,DMSO,
Source[1],,384PP_DMSO2,A1,Destination[1],,384PP_Dest,B12,0,0,,,1382.5,1382.5,21.555,98.952,Percent,DMSO,
Source[1],,384PP_DMSO2,A1,Destination[1],,384PP_Dest,B13,0,0,,,1220,1220,20.335,98.952,Percent,DMSO,
Source[1],,384PP_DMSO2,A1,Destination[1],,384PP_Dest,B14,0,0,,,952.5,952.5,19.382,98.952,Percent,DMSO,
Source[1],,384PP_DMSO2,A1,Destination[1],,384PP_Dest,B15,0,0,,,555,555,18.827,98.952,Percent,DMSO,
Source[1],,384PP_DMSO2,A1,Destination[1],,384PP_Dest,B17,0,0,,,1500,1500,16.42,99.649,Percent,DMSO,
Source[1],,384PP_DMSO2,A1,Destination[1],,384PP_Dest,B18,0,0,,,650,650,15.77,99.649,Percent,DMSO,
Source[1],,384PP_DMSO2,A2,Destination[1],,384PP_Dest,B19,0,0,,,1465,1465,61.152,99.701,Percent,DMSO,
Source[1],,384PP_DMSO2,A2,Destination[1],,384PP_Dest,B20,0,0,,,1382.5,1382.5,59.769,99.701,Percent,DMSO,
Source[1],,384PP_DMSO2,A2,Destination[1],,384PP_Dest,B21,0,0,,,1220,1220,58.549,99.701,Percent,DMSO,
Source[1],,384PP_DMSO2,A2,Destination[1],,384PP_Dest,B22,0,0,,,952.5,952.5,57.597,99.701,Percent,DMSO,
Source[1],,384PP_DMSO2,A2,Destination[1],,384PP_Dest,B23,0,0,,,555,555,57.042,99.701,Percent,DMSO,
Source[1],,384PP_DMSO2,A2,Destination[1],,384PP_Dest,C2,0,0,,,1495,1495,55.547,99.701,Percent,DMSO,
Source[1],,384PP_DMSO2,A2,Destination[1],,384PP_Dest,C1,0,0,,,1500,1500,54.047,99.701,Percent,DMSO,
Source[1],,384PP_DMSO2,A2,Destination[1],,384PP_Dest,C3,0,0,,,1465,1465,53.174,99.701,Percent,DMSO,
Source[1],,384PP_DMSO2,A2,Destination[1],,384PP_Dest,C4,0,0,,,1382.5,1382.5,51.791,99.701,Percent,DMSO,
Source[1],,384PP_DMSO2,A2,Destination[1],,384PP_Dest,C5,0,0,,,1220,1220,50.571,99.701,Percent,DMSO,
Source[1],,384PP_DMSO2,A2,Destination[1],,384PP_Dest,C6,0,0,,,952.5,952.5,49.619,99.701,Percent,DMSO,
Source[1],,384PP_DMSO2,A2,Destination[1],,384PP_Dest,C7,0,0,,,555,555,49.064,99.701,Percent,DMSO,
Source[1],,384PP_DMSO2,A2,Destination[1],,384PP_Dest,C9,0,0,,,1500,1500,47.564,99.701,Percent,DMSO,
Source[1],,384PP_DMSO2,A2,Destination[1],,384PP_Dest,C10,0,0,,,1495,1495,46.069,99.701,Percent,DMSO,
Source[1],,384PP_DMSO2,A2,Destination[1],,384PP_Dest,C11,0,0,,,1465,1465,44.015,99.701,Percent,DMSO,
Source[1],,384PP_DMSO2,A2,Destination[1],,384PP_Dest,C12,0,0,,,1382.5,1382.5,42.633,99.701,Percent,DMSO,
Source[1],,384PP_DMSO2,A2,Destination[1],,384PP_Dest,C13,0,0,,,1220,1220,41.413,99.701,Percent,DMSO,
Source[1],,384PP_DMSO2,A2,Destination[1],,384PP_Dest,C14,0,0,,,952.5,952.5,40.46,99.701,Percent,DMSO,
Source[1],,384PP_DMSO2,A2,Destination[1],,384PP_Dest,C15,0,0,,,555,555,39.905,99.701,Percent,DMSO,
Source[1],,384PP_DMSO2,A2,Destination[1],,384PP_Dest,C17,0,0,,,1500,1500,38.405,99.701,Percent,DMSO,
Source[1],,384PP_DMSO2,A2,Destination[1],,384PP_Dest,C18,0,0,,,1495,1495,36.91,99.701,Percent,DMSO,
Source[1],,384PP_DMSO2,A2,Destination[1],,384PP_Dest,C19,0,0,,,1465,1465,34.674,99.701,Percent,DMSO,
Source[1],,384PP_DMSO2,A2,Destination[1],,384PP_Dest,C20,0,0,,,1382.5,1382.5,33.291,99.701,Percent,DMSO,
Source[1],,384PP_DMSO2,A2,Destination[1],,384PP_Dest,C21,0,0,,,1220,1220,32.071,99.701,Percent,DMSO,
Source[1],,384PP_DMSO2,A2,Destination[1],,384PP_Dest,C22,0,0,,,952.5,952.5,31.119,99.701,Percent,DMSO,
Source[1],,384PP_DMSO2,A2,Destination[1],,384PP_Dest,C23,0,0,,,555,555,30.564,99.701,Percent,DMSO,
Source[1],,384PP_DMSO2,A2,Destination[1],,384PP_Dest,D2,0,0,,,1495,1495,29.069,99.701,Percent,DMSO,
Source[1],,384PP_DMSO2,A2,Destination[1],,384PP_Dest,D1,0,0,,,1500,1500,27.569,99.701,Percent,DMSO,
Source[1],,384PP_DMSO2,A2,Destination[1],,384PP_Dest,D3,0,0,,,1465,1465,25.158,99.377,Percent,DMSO,
Source[1],,384PP_DMSO2,A2,Destination[1],,384PP_Dest,D4,0,0,,,1382.5,1382.5,23.775,99.377,Percent,DMSO,
Source[1],,384PP_DMSO2,A2,Destination[1],,384PP_Dest,D5,0,0,,,1220,1220,22.555,99.377,Percent,DMSO,
Source[1],,384PP_DMSO2,A2,Destination[1],,384PP_Dest,D6,0,0,,,952.5,952.5,21.603,99.377,Percent,DMSO,
Source[1],,384PP_DMSO2,A2,Destination[1],,384PP_Dest,D7,0,0,,,555,555,21.048,99.377,Percent,DMSO,
Source[1],,384PP_DMSO2,A2,Destination[1],,384PP_Dest,D9,0,0,,,1500,1500,19.548,99.377,Percent,DMSO,
Source[1],,384PP_DMSO2,A2,Destination[1],,384PP_Dest,D10,0,0,,,1495,1495,18.053,99.377,Percent,DMSO,
Source[1],,384PP_DMSO2,A2,Destination[1],,384PP_Dest,D11,0,0,,,1305,1305,16.748,99.377,Percent,DMSO,
Source[1],,384PP_DMSO2,A3,Destination[1],,384PP_Dest,D12,0,0,,,1382.5,1382.5,60.38,99.701,Percent,DMSO,
Source[1],,384PP_DMSO2,A3,Destination[1],,384PP_Dest,D13,0,0,,,1220,1220,59.16,99.701,Percent,DMSO,
Source[1],,384PP_DMSO2,A3,Destination[1],,384PP_Dest,D14,0,0,,,952.5,952.5,58.207,99.701,Percent,DMSO,
Source[1],,384PP_DMSO2,A3,Destination[1],,384PP_Dest,D15,0,0,,,555,555,57.652,99.701,Percent,DMSO,
Source[1],,384PP_DMSO2,A3,Destination[1],,384PP_Dest,D17,0,0,,,1500,1500,56.152,99.701,Percent,DMSO,
Source[1],,384PP_DMSO2,A3,Destination[1],,384PP_Dest,D18,0,0,,,1495,1495,54.657,99.701,Percent,DMSO,
Source[1],,384PP_DMSO2,A3,Destination[1],,384PP_Dest,D19,0,0,,,1465,1465,53.192,99.701,Percent,DMSO,
Source[1],,384PP_DMSO2,A3,Destination[1],,384PP_Dest,D20,0,0,,,1382.5,1382.5,51.81,99.701,Percent,DMSO,
Source[1],,384PP_DMSO2,A3,Destination[1],,384PP_Dest,D21,0,0,,,1220,1220,50.846,99.701,Percent,DMSO,
Source[1],,384PP_DMSO2,A3,Destination[1],,384PP_Dest,D22,0,0,,,952.5,952.5,49.894,99.701,Percent,DMSO,
Source[1],,384PP_DMSO2,A3,Destination[1],,384PP_Dest,D23,0,0,,,555,555,49.339,99.701,Percent,DMSO,
Source[1],,384PP_DMSO2,A3,Destination[1],,384PP_Dest,E5,0,0,,,1220,1220,48.119,99.701,Percent,DMSO,
Source[1],,384PP_DMSO2,A3,Destination[1],,384PP_Dest,E4,0,0,,,1382.5,1382.5,46.736,99.701,Percent,DMSO,
Source[1],,384PP_DMSO2,A3,Destination[1],,384PP_Dest,E3,0,0,,,1465,1465,45.271,99.701,Percent,DMSO,
Source[1],,384PP_DMSO2,A3,Destination[1],,384PP_Dest,E2,0,0,,,1495,1495,43.776,99.701,Percent,DMSO,
Source[1],,384PP_DMSO2,A3,Destination[1],,384PP_Dest,E1,0,0,,,1500,1500,42.276,99.701,Percent,DMSO,
Source[1],,384PP_DMSO2,A3,Destination[1],,384PP_Dest,E6,0,0,,,952.5,952.5,40.426,99.407,Percent,DMSO,
Source[1],,384PP_DMSO2,A3,Destination[1],,384PP_Dest,E7,0,0,,,555,555,39.871,99.407,Percent,DMSO,
Source[1],,384PP_DMSO2,A3,Destination[1],,384PP_Dest,E9,0,0,,,1500,1500,38.371,99.407,Percent,DMSO,
Source[1],,384PP_DMSO2,A3,Destination[1],,384PP_Dest,E10,0,0,,,1495,1495,36.876,99.407,Percent,DMSO,
Source[1],,384PP_DMSO2,A3,Destination[1],,384PP_Dest,E11,0,0,,,1465,1465,35.411,99.407,Percent,DMSO,
Source[1],,384PP_DMSO2,A3,Destination[1],,384PP_Dest,E12,0,0,,,1382.5,1382.5,34.028,99.407,Percent,DMSO,
Source[1],,384PP_DMSO2,A3,Destination[1],,384PP_Dest,E13,0,0,,,1220,1220,32.808,99.407,Percent,DMSO,
Source[1],,384PP_DMSO2,A3,Destination[1],,384PP_Dest,E14,0,0,,,952.5,952.5,31.856,99.407,Percent,DMSO,
Source[1],,384PP_DMSO2,A3,Destination[1],,384PP_Dest,E15,0,0,,,555,555,30.951,99.701,Percent,DMSO,
Source[1],,384PP_DMSO2,A3,Destination[1],,384PP_Dest,E17,0,0,,,1500,1500,29.451,99.701,Percent,DMSO,
Source[1],,384PP_DMSO2,A3,Destination[1],,384PP_Dest,E18,0,0,,,1495,1495,27.956,99.701,Percent,DMSO,
Source[1],,384PP_DMSO2,A3,Destination[1],,384PP_Dest,E19,0,0,,,1465,1465,26.491,99.701,Percent,DMSO,
Source[1],,384PP_DMSO2,A3,Destination[1],,384PP_Dest,E20,0,0,,,1382.5,1382.5,25.108,99.701,Percent,DMSO,
Source[1],,384PP_DMSO2,A3,Destination[1],,384PP_Dest,E21,0,0,,,1220,1220,23.888,99.701,Percent,DMSO,
Source[1],,384PP_DMSO2,A3,Destination[1],,384PP_Dest,E22,0,0,,,952.5,952.5,22.936,99.701,Percent,DMSO,
Source[1],,384PP_DMSO2,A3,Destination[1],,384PP_Dest,E23,0,0,,,555,555,22.381,99.701,Percent,DMSO,
Source[1],,384PP_DMSO2,A3,Destination[1],,384PP_Dest,F1,0,0,,,1500,1500,20.096,99.046,Percent,DMSO,
Source[1],,384PP_DMSO2,A3,Destination[1],,384PP_Dest,F2,0,0,,,1495,1495,18.601,99.046,Percent,DMSO,
Source[1],,384PP_DMSO2,A3,Destination[1],,384PP_Dest,F3,0,0,,,1465,1465,17.136,99.046,Percent,DMSO,
Source[1],,384PP_DMSO2,A3,Destination[1],,384PP_Dest,F4,0,0,,,1382.5,1382.5,15.753,99.046,Percent,DMSO,
Source[1],,384PP_DMSO2,A3,Destination[1],,384PP_Dest,F5,0,0,,,607.5,607.5,15.146,99.046,Percent,DMSO,
Source[1],,384PP_DMSO2,A4,Destination[1],,384PP_Dest,F6,0,0,,,952.5,952.5,61.584,99.701,Percent,DMSO,
Source[1],,384PP_DMSO2,A4,Destination[1],,384PP_Dest,F7,0,0,,,555,555,61.029,99.701,Percent,DMSO,
Source[1],,384PP_DMSO2,A4,Destination[1],,384PP_Dest,F9,0,0,,,1500,1500,59.529,99.701,Percent,DMSO,
Source[1],,384PP_DMSO2,A4,Destination[1],,384PP_Dest,F10,0,0,,,1495,1495,58.034,99.701,Percent,DMSO,
Source[1],,384PP_DMSO2,A4,Destination[1],,384PP_Dest,F11,0,0,,,1465,1465,56.569,99.701,Percent,DMSO,
Source[1],,384PP_DMSO2,A4,Destination[1],,384PP_Dest,F12,0,0,,,1382.5,1382.5,55.186,99.701,Percent,DMSO,
Source[1],,384PP_DMSO2,A4,Destination[1],,384PP_Dest,F13,0,0,,,1220,1220,53.966,99.701,Percent,DMSO,
Source[1],,384PP_DMSO2,A4,Destination[1],,384PP_Dest,F14,0,0,,,952.5,952.5,53.014,99.701,Percent,DMSO,
Source[1],,384PP_DMSO2,A4,Destination[1],,384PP_Dest,F15,0,0,,,555,555,53.156,99.701,Percent,DMSO,
Source[1],,384PP_DMSO2,A4,Destination[1],,384PP_Dest,F17,0,0,,,1500,1500,51.656,99.701,Percent,DMSO,
Source[1],,384PP_DMSO2,A4,Destination[1],,384PP_Dest,F18,0,0,,,1495,1495,50.161,99.701,Percent,DMSO,
Source[1],,384PP_DMSO2,A4,Destination[1],,384PP_Dest,F19,0,0,,,1465,1465,48.696,99.701,Percent,DMSO,
Source[1],,384PP_DMSO2,A4,Destination[1],,384PP_Dest,F20,0,0,,,1382.5,1382.5,47.314,99.701,Percent,DMSO,
Source[1],,384PP_DMSO2,A4,Destination[1],,384PP_Dest,F21,0,0,,,1220,1220,46.094,99.701,Percent,DMSO,
Source[1],,384PP_DMSO2,A4,Destination[1],,384PP_Dest,F22,0,0,,,952.5,952.5,45.141,99.701,Percent,DMSO,
Source[1],,384PP_DMSO2,A4,Destination[1],,384PP_Dest,F23,0,0,,,555,555,44.586,99.701,Percent,DMSO,
Source[1],,384PP_DMSO2,A4,Destination[1],,384PP_Dest,G1,0,0,,,1500,1500,42.393,99.038,Percent,DMSO,
Source[1],,384PP_DMSO2,A4,Destination[1],,384PP_Dest,G2,0,0,,,1495,1495,40.898,99.038,Percent,DMSO,
Source[1],,384PP_DMSO2,A4,Destination[1],,384PP_Dest,G3,0,0,,,1465,1465,39.433,99.038,Percent,DMSO,
Source[1],,384PP_DMSO2,A4,Destination[1],,384PP_Dest,G4,0,0,,,1382.5,1382.5,38.05,99.038,Percent,DMSO,
Source[1],,384PP_DMSO2,A4,Destination[1],,384PP_Dest,G5,0,0,,,1220,1220,36.83,99.038,Percent,DMSO,
Source[1],,384PP_DMSO2,A4,Destination[1],,384PP_Dest,G6,0,0,,,952.5,952.5,35.878,99.038,Percent,DMSO,
Source[1],,384PP_DMSO2,A4,Destination[1],,384PP_Dest,G7,0,0,,,555,555,35.323,99.038,Percent,DMSO,
Source[1],,384PP_DMSO2,A4,Destination[1],,384PP_Dest,G9,0,0,,,1500,1500,33.049,99.026,Percent,DMSO,
Source[1],,384PP_DMSO2,A4,Destination[1],,384PP_Dest,G10,0,0,,,1495,1495,31.554,99.026,Percent,DMSO,
Source[1],,384PP_DMSO2,A4,Destination[1],,384PP_Dest,G11,0,0,,,1465,1465,30.089,99.026,Percent,DMSO,
Source[1],,384PP_DMSO2,A4,Destination[1],,384PP_Dest,G12,0,0,,,1382.5,1382.5,28.706,99.026,Percent,DMSO,
Source[1],,384PP_DMSO2,A4,Destination[1],,384PP_Dest,G13,0,0,,,1220,1220,27.486,99.026,Percent,DMSO,
Source[1],,384PP_DMSO2,A4,Destination[1],,384PP_Dest,G14,0,0,,,952.5,952.5,26.534,99.026,Percent,DMSO,
Source[1],,384PP_DMSO2,A4,Destination[1],,384PP_Dest,G15,0,0,,,555,555,25.979,99.026,Percent,DMSO,
Source[1],,384PP_DMSO2,A4,Destination[1],,384PP_Dest,G17,0,0,,,1500,1500,23.645,99.697,Percent,DMSO,
Source[1],,384PP_DMSO2,A4,Destination[1],,384PP_Dest,G18,0,0,,,1495,1495,22.15,99.697,Percent,DMSO,
Source[1],,384PP_DMSO2,A4,Destination[1],,384PP_Dest,G19,0,0,,,1465,1465,20.685,99.697,Percent,DMSO,
Source[1],,384PP_DMSO2,A4,Destination[1],,384PP_Dest,G20,0,0,,,1382.5,1382.5,19.302,99.697,Percent,DMSO,
Source[1],,384PP_DMSO2,A4,Destination[1],,384PP_Dest,G21,0,0,,,1220,1220,18.082,99.697,Percent,DMSO,
Source[1],,384PP_DMSO2,A4,Destination[1],,384PP_Dest,G22,0,0,,,952.5,952.5,17.13,99.697,Percent,DMSO,
Source[1],,384PP_DMSO2,A4,Destination[1],,384PP_Dest,G23,0,0,,,555,555,16.575,99.697,Percent,DMSO,
Source[1],,384PP_DMSO2,A4,Destination[1],,384PP_Dest,H1,0,0,,,30,30,16.545,99.697,Percent,DMSO,
Source[1],,384PP_DMSO2,A5,Destination[1],,384PP_Dest,H2,0,0,,,1495,1495,60.509,99.701,Percent,DMSO,
Source[1],,384PP_DMSO2,A5,Destination[1],,384PP_Dest,H3,0,0,,,1465,1465,59.044,99.701,Percent,DMSO,
Source[1],,384PP_DMSO2,A5,Destination[1],,384PP_Dest,H4,0,0,,,1382.5,1382.5,57.661,99.701,Percent,DMSO,
Source[1],,384PP_DMSO2,A5,Destination[1],,384PP_Dest,H5,0,0,,,1220,1220,56.441,99.701,Percent,DMSO,
Source[1],,384PP_DMSO2,A5,Destination[1],,384PP_Dest,H6,0,0,,,952.5,952.5,55.489,99.701,Percent,DMSO,
Source[1],,384PP_DMSO2,A5,Destination[1],,384PP_Dest,H7,0,0,,,555,555,54.934,99.701,Percent,DMSO,
Source[1],,384PP_DMSO2,A5,Destination[1],,384PP_Dest,H9,0,0,,,1500,1500,53.434,99.701,Percent,DMSO,
Source[1],,384PP_DMSO2,A5,Destination[1],,384PP_Dest,H10,0,0,,,1495,1495,52.307,99.701,Percent,DMSO,
Source[1],,384PP_DMSO2,A5,Destination[1],,384PP_Dest,H11,0,0,,,1465,1465,50.842,99.701,Percent,DMSO,
Source[1],,384PP_DMSO2,A5,Destination[1],,384PP_Dest,H12,0,0,,,1382.5,1382.5,49.46,99.701,Percent,DMSO,
Source[1],,384PP_DMSO2,A5,Destination[1],,384PP_Dest,H13,0,0,,,1220,1220,48.24,99.701,Percent,DMSO,
Source[1],,384PP_DMSO2,A5,Destination[1],,384PP_Dest,H14,0,0,,,952.5,952.5,47.287,99.701,Percent,DMSO,
Source[1],,384PP_DMSO2,A5,Destination[1],,384PP_Dest,H15,0,0,,,555,555,46.732,99.701,Percent,DMSO,
Source[1],,384PP_DMSO2,A5,Destination[1],,384PP_Dest,H17,0,0,,,1500,1500,45.232,99.701,Percent,DMSO,
Source[1],,384PP_DMSO2,A5,Destination[1],,384PP_Dest,H18,0,0,,,1495,1495,43.061,99.61,Percent,DMSO,
Source[1],,384PP_DMSO2,A5,Destination[1],,384PP_Dest,H19,0,0,,,1465,1465,41.596,99.61,Percent,DMSO,
Source[1],,384PP_DMSO2,A5,Destination[1],,384PP_Dest,H20,0,0,,,1382.5,1382.5,40.213,99.61,Percent,DMSO,
Source[1],,384PP_DMSO2,A5,Destination[1],,384PP_Dest,H21,0,0,,,1220,1220,38.993,99.61,Percent,DMSO,
Source[1],,384PP_DMSO2,A5,Destination[1],,384PP_Dest,H22,0,0,,,952.5,952.5,38.041,99.61,Percent,DMSO,
Source[1],,384PP_DMSO2,A5,Destination[1],,384PP_Dest,H23,0,0,,,555,555,37.486,99.61,Percent,DMSO,
Source[1],,384PP_DMSO2,A5,Destination[1],,384PP_Dest,I1,0,0,,,1500,1500,35.986,99.61,Percent,DMSO,
Source[1],,384PP_DMSO2,A5,Destination[1],,384PP_Dest,I2,0,0,,,1495,1495,33.689,99.701,Percent,DMSO,
Source[1],,384PP_DMSO2,A5,Destination[1],,384PP_Dest,I3,0,0,,,1465,1465,32.224,99.701,Percent,DMSO,
Source[1],,384PP_DMSO2,A5,Destination[1],,384PP_Dest,I4,0,0,,,1382.5,1382.5,30.841,99.701,Percent,DMSO,
Source[1],,384PP_DMSO2,A5,Destination[1],,384PP_Dest,I5,0,0,,,1220,1220,29.621,99.701,Percent,DMSO,
Source[1],,384PP_DMSO2,A5,Destination[1],,384PP_Dest,I6,0,0,,,952.5,952.5,28.669,99.701,Percent,DMSO,
Source[1],,384PP_DMSO2,A5,Destination[1],,384PP_Dest,I7,0,0,,,555,555,28.114,99.701,Percent,DMSO,
Source[1],,384PP_DMSO2,A5,Destination[1],,384PP_Dest,I9,0,0,,,1500,1500,26.614,99.701,Percent,DMSO,
Source[1],,384PP_DMSO2,A5,Destination[1],,384PP_Dest,I10,0,0,,,1495,1495,24.265,98.598,Percent,DMSO,
Source[1],,384PP_DMSO2,A5,Destination[1],,384PP_Dest,I11,0,0,,,1465,1465,22.8,98.598,Percent,DMSO,
Source[1],,384PP_DMSO2,A5,Destination[1],,384PP_Dest,I12,0,0,,,1382.5,1382.5,21.418,98.598,Percent,DMSO,
Source[1],,384PP_DMSO2,A5,Destination[1],,384PP_Dest,I13,0,0,,,1220,1220,20.198,98.598,Percent,DMSO,
Source[1],,384PP_DMSO2,A5,Destination[1],,384PP_Dest,I14,0,0,,,952.5,952.5,19.245,98.598,Percent,DMSO,
Source[1],,384PP_DMSO2,A5,Destination[1],,384PP_Dest,I15,0,0,,,555,555,18.69,98.598,Percent,DMSO,
Source[1],,384PP_DMSO2,A5,Destination[1],,384PP_Dest,I17,0,0,,,1500,1500,17.19,98.598,Percent,DMSO,
Source[1],,384PP_DMSO2,A5,Destination[1],,384PP_Dest,I18,0,0,,,680,680,16.51,98.598,Percent,DMSO,
Source[1],,384PP_DMSO2,A6,Destination[1],,384PP_Dest,I19,0,0,,,1465,1465,61.474,99.701,Percent,DMSO,
Source[1],,384PP_DMSO2,A6,Destination[1],,384PP_Dest,I20,0,0,,,1382.5,1382.5,60.092,99.701,Percent,DMSO,
Source[1],,384PP_DMSO2,A6,Destination[1],,384PP_Dest,I21,0,0,,,1220,1220,58.872,99.701,Percent,DMSO,
Source[1],,384PP_DMSO2,A6,Destination[1],,384PP_Dest,I22,0,0,,,952.5,952.5,57.919,99.701,Percent,DMSO,
Source[1],,384PP_DMSO2,A6,Destination[1],,384PP_Dest,I23,0,0,,,555,555,57.364,99.701,Percent,DMSO,
Source[1],,384PP_DMSO2,A6,Destination[1],,384PP_Dest,J2,0,0,,,1495,1495,55.869,99.701,Percent,DMSO,
Source[1],,384PP_DMSO2,A6,Destination[1],,384PP_Dest,J1,0,0,,,1500,1500,54.369,99.701,Percent,DMSO,
Source[1],,384PP_DMSO2,A6,Destination[1],,384PP_Dest,J3,0,0,,,1465,1465,53.519,99.701,Percent,DMSO,
Source[1],,384PP_DMSO2,A6,Destination[1],,384PP_Dest,J4,0,0,,,1382.5,1382.5,52.137,99.701,Percent,DMSO,
Source[1],,384PP_DMSO2,A6,Destination[1],,384PP_Dest,J5,0,0,,,1220,1220,50.917,99.701,Percent,DMSO,
Source[1],,384PP_DMSO2,A6,Destination[1],,384PP_Dest,J6,0,0,,,952.5,952.5,49.964,99.701,Percent,DMSO,
Source[1],,384PP_DMSO2,A6,Destination[1],,384PP_Dest,J7,0,0,,,555,555,49.409,99.701,Percent,DMSO,
Source[1],,384PP_DMSO2,A6,Destination[1],,384PP_Dest,J9,0,0,,,1500,1500,47.909,99.701,Percent,DMSO,
Source[1],,384PP_DMSO2,A6,Destination[1],,384PP_Dest,J10,0,0,,,1495,1495,46.414,99.701,Percent,DMSO,
Source[1],,384PP_DMSO2,A6,Destination[1],,384PP_Dest,J11,0,0,,,1465,1465,44.483,99.701,Percent,DMSO,
Source[1],,384PP_DMSO2,A6,Destination[1],,384PP_Dest,J12,0,0,,,1382.5,1382.5,43.1,99.701,Percent,DMSO,
Source[1],,384PP_DMSO2,A6,Destination[1],,384PP_Dest,J13,0,0,,,1220,1220,41.88,99.701,Percent,DMSO,
Source[1],,384PP_DMSO2,A6,Destination[1],,384PP_Dest,J14,0,0,,,952.5,952.5,40.928,99.701,Percent,DMSO,
Source[1],,384PP_DMSO2,A6,Destination[1],,384PP_Dest,J15,0,0,,,555,555,40.373,99.701,Percent,DMSO,
Source[1],,384PP_DMSO2,A6,Destination[1],,384PP_Dest,J17,0,0,,,1500,1500,38.873,99.701,Percent,DMSO,
Source[1],,384PP_DMSO2,A6,Destination[1],,384PP_Dest,J18,0,0,,,1495,1495,37.378,99.701,Percent,DMSO,
Source[1],,384PP_DMSO2,A6,Destination[1],,384PP_Dest,J19,0,0,,,1465,1465,35.141,99.701,Percent,DMSO,
Source[1],,384PP_DMSO2,A6,Destination[1],,384PP_Dest,J20,0,0,,,1382.5,1382.5,33.759,99.701,Percent,DMSO,
Source[1],,384PP_DMSO2,A6,Destination[1],,384PP_Dest,J21,0,0,,,1220,1220,32.539,99.701,Percent,DMSO,
Source[1],,384PP_DMSO2,A6,Destination[1],,384PP_Dest,J22,0,0,,,952.5,952.5,31.586,99.701,Percent,DMSO,
Source[1],,384PP_DMSO2,A6,Destination[1],,384PP_Dest,J23,0,0,,,555,555,31.031,99.701,Percent,DMSO,
Source[1],,384PP_DMSO2,A6,Destination[1],,384PP_Dest,K2,0,0,,,1495,1495,29.536,99.701,Percent,DMSO,
Source[1],,384PP_DMSO2,A6,Destination[1],,384PP_Dest,K1,0,0,,,1500,1500,28.036,99.701,Percent,DMSO,
Source[1],,384PP_DMSO2,A6,Destination[1],,384PP_Dest,K3,0,0,,,1465,1465,25.732,99.701,Percent,DMSO,
Source[1],,384PP_DMSO2,A6,Destination[1],,384PP_Dest,K4,0,0,,,1382.5,1382.5,24.35,99.701,Percent,DMSO,
Source[1],,384PP_DMSO2,A6,Destination[1],,384PP_Dest,K5,0,0,,,1220,1220,23.13,99.701,Percent,DMSO,
Source[1],,384PP_DMSO2,A6,Destination[1],,384PP_Dest,K6,0,0,,,952.5,952.5,22.177,99.701,Percent,DMSO,
Source[1],,384PP_DMSO2,A6,Destination[1],,384PP_Dest,K7,0,0,,,555,555,21.622,99.701,Percent,DMSO,
Source[1],,384PP_DMSO2,A6,Destination[1],,384PP_Dest,K9,0,0,,,1500,1500,20.122,99.701,Percent,DMSO,
Source[1],,384PP_DMSO2,A6,Destination[1],,384PP_Dest,K10,0,0,,,1495,1495,18.627,99.701,Percent,DMSO,
Source[1],,384PP_DMSO2,A6,Destination[1],,384PP_Dest,K11,0,0,,,1335,1335,17.292,99.701,Percent,DMSO,
Source[1],,384PP_DMSO2,A7,Destination[1],,384PP_Dest,K12,0,0,,,1382.5,1382.5,60.492,99.701,Percent,DMSO,
Source[1],,384PP_DMSO2,A7,Destination[1],,384PP_Dest,K13,0,0,,,1220,1220,59.272,99.701,Percent,DMSO,
Source[1],,384PP_DMSO2,A7,Destination[1],,384PP_Dest,K14,0,0,,,952.5,952.5,58.32,99.701,Percent,DMSO,
Source[1],,384PP_DMSO2,A7,Destination[1],,384PP_Dest,K15,0,0,,,555,555,57.765,99.701,Percent,DMSO,
Source[1],,384PP_DMSO2,A7,Destination[1],,384PP_Dest,K17,0,0,,,1500,1500,56.265,99.701,Percent,DMSO,
Source[1],,384PP_DMSO2,A7,Destination[1],,384PP_Dest,K18,0,0,,,1495,1495,54.77,99.701,Percent,DMSO,
Source[1],,384PP_DMSO2,A7,Destination[1],,384PP_Dest,K19,0,0,,,1465,1465,53.305,99.701,Percent,DMSO,
Source[1],,384PP_DMSO2,A7,Destination[1],,384PP_Dest,K20,0,0,,,1382.5,1382.5,51.922,99.701,Percent,DMSO,
Source[1],,384PP_DMSO2,A7,Destination[1],,384PP_Dest,K21,0,0,,,1220,1220,51.009,99.701,Percent,DMSO,
Source[1],,384PP_DMSO2,A7,Destination[1],,384PP_Dest,K22,0,0,,,952.5,952.5,50.057,99.701,Percent,DMSO,
Source[1],,384PP_DMSO2,A7,Destination[1],,384PP_Dest,K23,0,0,,,555,555,49.502,99.701,Percent,DMSO,
Source[1],,384PP_DMSO2,A7,Destination[1],,384PP_Dest,L5,0,0,,,1220,1220,48.282,99.701,Percent,DMSO,
Source[1],,384PP_DMSO2,A7,Destination[1],,384PP_Dest,L4,0,0,,,1382.5,1382.5,46.899,99.701,Percent,DMSO,
Source[1],,384PP_DMSO2,A7,Destination[1],,384PP_Dest,L3,0,0,,,1465,1465,45.434,99.701,Percent,DMSO,
Source[1],,384PP_DMSO2,A7,Destination[1],,384PP_Dest,L2,0,0,,,1495,1495,43.939,99.701,Percent,DMSO,
Source[1],,384PP_DMSO2,A7,Destination[1],,384PP_Dest,L1,0,0,,,1500,1500,42.439,99.701,Percent,DMSO,
Source[1],,384PP_DMSO2,A7,Destination[1],,384PP_Dest,L6,0,0,,,952.5,952.5,40.698,99.701,Percent,DMSO,
Source[1],,384PP_DMSO2,A7,Destination[1],,384PP_Dest,L7,0,0,,,555,555,40.143,99.701,Percent,DMSO,
Source[1],,384PP_DMSO2,A7,Destination[1],,384PP_Dest,L9,0,0,,,1500,1500,38.643,99.701,Percent,DMSO,
Source[1],,384PP_DMSO2,A7,Destination[1],,384PP_Dest,L10,0,0,,,1495,1495,37.148,99.701,Percent,DMSO,
Source[1],,384PP_DMSO2,A7,Destination[1],,384PP_Dest,L11,0,0,,,1465,1465,35.683,99.701,Percent,DMSO,
Source[1],,384PP_DMSO2,A7,Destination[1],,384PP_Dest,L12,0,0,,,1382.5,1382.5,34.301,99.701,Percent,DMSO,
Source[1],,384PP_DMSO2,A7,Destination[1],,384PP_Dest,L13,0,0,,,1220,1220,33.081,99.701,Percent,DMSO,
Source[1],,384PP_DMSO2,A7,Destination[1],,384PP_Dest,L14,0,0,,,952.5,952.5,32.128,99.701,Percent,DMSO,
Source[1],,384PP_DMSO2,A7,Destination[1],,384PP_Dest,L15,0,0,,,555,555,30.503,99.701,Percent,DMSO,
Source[1],,384PP_DMSO2,A7,Destination[1],,384PP_Dest,L17,0,0,,,1500,1500,29.003,99.701,Percent,DMSO,
Source[1],,384PP_DMSO2,A7,Destination[1],,384PP_Dest,L18,0,0,,,1495,1495,27.508,99.701,Percent,DMSO,
Source[1],,384PP_DMSO2,A7,Destination[1],,384PP_Dest,L19,0,0,,,1465,1465,26.043,99.701,Percent,DMSO,
Source[1],,384PP_DMSO2,A7,Destination[1],,384PP_Dest,L20,0,0,,,1382.5,1382.5,24.661,99.701,Percent,DMSO,
Source[1],,384PP_DMSO2,A7,Destination[1],,384PP_Dest,L21,0,0,,,1220,1220,23.441,99.701,Percent,DMSO,
Source[1],,384PP_DMSO2,A7,Destination[1],,384PP_Dest,L22,0,0,,,952.5,952.5,22.488,99.701,Percent,DMSO,
Source[1],,384PP_DMSO2,A7,Destination[1],,384PP_Dest,L23,0,0,,,555,555,21.933,99.701,Percent,DMSO,
Source[1],,384PP_DMSO2,A7,Destination[1],,384PP_Dest,M1,0,0,,,1500,1500,19.386,99.701,Percent,DMSO,
Source[1],,384PP_DMSO2,A7,Destination[1],,384PP_Dest,M2,0,0,,,1495,1495,17.891,99.701,Percent,DMSO,
Source[1],,384PP_DMSO2,A7,Destination[1],,384PP_Dest,M3,0,0,,,1465,1465,16.426,99.701,Percent,DMSO,
Source[1],,384PP_DMSO2,A7,Destination[1],,384PP_Dest,M4,0,0,,,1382.5,1382.5,15.044,99.701,Percent,DMSO,
Source[1],,384PP_DMSO2,A7,Destination[1],,384PP_Dest,M5,0,0,,,637.5,637.5,14.406,99.701,Percent,DMSO,
Source[1],,384PP_DMSO2,A8,Destination[1],,384PP_Dest,M6,0,0,,,952.5,952.5,61.648,99.701,Percent,DMSO,
Source[1],,384PP_DMSO2,A8,Destination[1],,384PP_Dest,M7,0,0,,,555,555,61.093,99.701,Percent,DMSO,
Source[1],,384PP_DMSO2,A8,Destination[1],,384PP_Dest,M9,0,0,,,1500,1500,59.593,99.701,Percent,DMSO,
Source[1],,384PP_DMSO2,A8,Destination[1],,384PP_Dest,M10,0,0,,,1495,1495,58.098,99.701,Percent,DMSO,
Source[1],,384PP_DMSO2,A8,Destination[1],,384PP_Dest,M11,0,0,,,1465,1465,56.633,99.701,Percent,DMSO,
Source[1],,384PP_DMSO2,A8,Destination[1],,384PP_Dest,M12,0,0,,,1382.5,1382.5,55.251,99.701,Percent,DMSO,
Source[1],,384PP_DMSO2,A8,Destination[1],,384PP_Dest,M13,0,0,,,1220,1220,54.031,99.701,Percent,DMSO,
Source[1],,384PP_DMSO2,A8,Destination[1],,384PP_Dest,M14,0,0,,,952.5,952.5,53.078,99.701,Percent,DMSO,
Source[1],,384PP_DMSO2,A8,Destination[1],,384PP_Dest,M15,0,0,,,555,555,52.974,99.701,Percent,DMSO,
Source[1],,384PP_DMSO2,A8,Destination[1],,384PP_Dest,M17,0,0,,,1500,1500,51.474,99.701,Percent,DMSO,
Source[1],,384PP_DMSO2,A8,Destination[1],,384PP_Dest,M18,0,0,,,1495,1495,49.979,99.701,Percent,DMSO,
Source[1],,384PP_DMSO2,A8,Destination[1],,384PP_Dest,M19,0,0,,,1465,1465,48.514,99.701,Percent,DMSO,
Source[1],,384PP_DMSO2,A8,Destination[1],,384PP_Dest,M20,0,0,,,1382.5,1382.5,47.132,99.701,Percent,DMSO,
Source[1],,384PP_DMSO2,A8,Destination[1],,384PP_Dest,M21,0,0,,,1220,1220,45.912,99.701,Percent,DMSO,
Source[1],,384PP_DMSO2,A8,Destination[1],,384PP_Dest,M22,0,0,,,952.5,952.5,44.959,99.701,Percent,DMSO,
Source[1],,384PP_DMSO2,A8,Destination[1],,384PP_Dest,M23,0,0,,,555,555,44.404,99.701,Percent,DMSO,
Source[1],,384PP_DMSO2,A8,Destination[1],,384PP_Dest,N1,0,0,,,1500,1500,42.351,99.701,Percent,DMSO,
Source[1],,384PP_DMSO2,A8,Destination[1],,384PP_Dest,N2,0,0,,,1495,1495,40.856,99.701,Percent,DMSO,
Source[1],,384PP_DMSO2,A8,Destination[1],,384PP_Dest,N3,0,0,,,1465,1465,39.391,99.701,Percent,DMSO,
Source[1],,384PP_DMSO2,A8,Destination[1],,384PP_Dest,N4,0,0,,,1382.5,1382.5,38.009,99.701,Percent,DMSO,
Source[1],,384PP_DMSO2,A8,Destination[1],,384PP_Dest,N5,0,0,,,1220,1220,36.789,99.701,Percent,DMSO,
Source[1],,384PP_DMSO2,A8,Destination[1],,384PP_Dest,N6,0,0,,,952.5,952.5,35.836,99.701,Percent,DMSO,
Source[1],,384PP_DMSO2,A8,Destination[1],,384PP_Dest,N7,0,0,,,555,555,35.281,99.701,Percent,DMSO,
Source[1],,384PP_DMSO2,A8,Destination[1],,384PP_Dest,N9,0,0,,,1500,1500,32.891,99.701,Percent,DMSO,
Source[1],,384PP_DMSO2,A8,Destination[1],,384PP_Dest,N10,0,0,,,1495,1495,31.396,99.701,Percent,DMSO,
Source[1],,384PP_DMSO2,A8,Destination[1],,384PP_Dest,N11,0,0,,,1465,1465,29.931,99.701,Percent,DMSO,
Source[1],,384PP_DMSO2,A8,Destination[1],,384PP_Dest,N12,0,0,,,1382.5,1382.5,28.549,99.701,Percent,DMSO,
Source[1],,384PP_DMSO2,A8,Destination[1],,384PP_Dest,N13,0,0,,,1220,1220,27.329,99.701,Percent,DMSO,
Source[1],,384PP_DMSO2,A8,Destination[1],,384PP_Dest,N14,0,0,,,952.5,952.5,26.376,99.701,Percent,DMSO,
Source[1],,384PP_DMSO2,A8,Destination[1],,384PP_Dest,N15,0,0,,,555,555,25.821,99.701,Percent,DMSO,
Source[1],,384PP_DMSO2,A8,Destination[1],,384PP_Dest,N17,0,0,,,1500,1500,23.197,99.701,Percent,DMSO,
Source[1],,384PP_DMSO2,A8,Destination[1],,384PP_Dest,N18,0,0,,,1495,1495,21.702,99.701,Percent,DMSO,
Source[1],,384PP_DMSO2,A8,Destination[1],,384PP_Dest,N19,0,0,,,1465,1465,20.237,99.701,Percent,DMSO,
Source[1],,384PP_DMSO2,A8,Destination[1],,384PP_Dest,N20,0,0,,,1382.5,1382.5,18.854,99.701,Percent,DMSO,
Source[1],,384PP_DMSO2,A8,Destination[1],,384PP_Dest,N21,0,0,,,1220,1220,17.634,99.701,Percent,DMSO,
Source[1],,384PP_DMSO2,A8,Destination[1],,384PP_Dest,N22,0,0,,,952.5,952.5,16.682,99.701,Percent,DMSO,
Source[1],,384PP_DMSO2,A8,Destination[1],,384PP_Dest,N23,0,0,,,555,555,16.127,99.701,Percent,DMSO,
Source[1],,384PP_DMSO2,A8,Destination[1],,384PP_Dest,O1,0,0,,,60,60,16.067,99.701,Percent,DMSO,
Source[1],,384PP_DMSO2,A9,Destination[1],,384PP_Dest,O2,0,0,,,1495,1495,60.638,99.701,Percent,DMSO,
Source[1],,384PP_DMSO2,A9,Destination[1],,384PP_Dest,O3,0,0,,,1465,1465,59.173,99.701,Percent,DMSO,
Source[1],,384PP_DMSO2,A9,Destination[1],,384PP_Dest,O4,0,0,,,1382.5,1382.5,57.79,99.701,Percent,DMSO,
Source[1],,384PP_DMSO2,A9,Destination[1],,384PP_Dest,O5,0,0,,,1220,1220,56.57,99.701,Percent,DMSO,
Source[1],,384PP_DMSO2,A9,Destination[1],,384PP_Dest,O6,0,0,,,952.5,952.5,55.618,99.701,Percent,DMSO,
Source[1],,384PP_DMSO2,A9,Destination[1],,384PP_Dest,O7,0,0,,,555,555,55.063,99.701,Percent,DMSO,
Source[1],,384PP_DMSO2,A9,Destination[1],,384PP_Dest,O9,0,0,,,1500,1500,53.563,99.701,Percent,DMSO,
Source[1],,384PP_DMSO2,A9,Destination[1],,384PP_Dest,O10,0,0,,,1495,1495,52.471,99.701,Percent,DMSO,
Source[1],,384PP_DMSO2,A9,Destination[1],,384PP_Dest,O11,0,0,,,1465,1465,51.006,99.701,Percent,DMSO,
Source[1],,384PP_DMSO2,A9,Destination[1],,384PP_Dest,O12,0,0,,,1382.5,1382.5,49.623,99.701,Percent,DMSO,
Source[1],,384PP_DMSO2,A9,Destination[1],,384PP_Dest,O13,0,0,,,1220,1220,48.403,99.701,Percent,DMSO,
Source[1],,384PP_DMSO2,A9,Destination[1],,384PP_Dest,O14,0,0,,,952.5,952.5,47.451,99.701,Percent,DMSO,
Source[1],,384PP_DMSO2,A9,Destination[1],,384PP_Dest,O15,0,0,,,555,555,46.896,99.701,Percent,DMSO,
Source[1],,384PP_DMSO2,A9,Destination[1],,384PP_Dest,O17,0,0,,,1500,1500,45.396,99.701,Percent,DMSO,
Source[1],,384PP_DMSO2,A9,Destination[1],,384PP_Dest,O18,0,0,,,1495,1495,43.349,98.951,Percent,DMSO,
Source[1],,384PP_DMSO2,A9,Destination[1],,384PP_Dest,O19,0,0,,,1465,1465,41.884,98.951,Percent,DMSO,
Source[1],,384PP_DMSO2,A9,Destination[1],,384PP_Dest,O20,0,0,,,1382.5,1382.5,40.502,98.951,Percent,DMSO,
Source[1],,384PP_DMSO2,A9,Destination[1],,384PP_Dest,O21,0,0,,,1220,1220,39.282,98.951,Percent,DMSO,
Source[1],,384PP_DMSO2,A9,Destination[1],,384PP_Dest,O22,0,0,,,952.5,952.5,38.329,98.951,Percent,DMSO,
Source[1],,384PP_DMSO2,A9,Destination[1],,384PP_Dest,O23,0,0,,,555,555,37.774,98.951,Percent,DMSO,
Source[1],,384PP_DMSO2,A9,Destination[1],,384PP_Dest,P1,0,0,,,1500,1500,36.274,98.951,Percent,DMSO,
Source[1],,384PP_DMSO2,A9,Destination[1],,384PP_Dest,P2,0,0,,,1495,1495,34.025,99.577,Percent,DMSO,
Source[1],,384PP_DMSO2,A9,Destination[1],,384PP_Dest,P3,0,0,,,1465,1465,32.56,99.577,Percent,DMSO,
Source[1],,384PP_DMSO2,A9,Destination[1],,384PP_Dest,P4,0,0,,,1382.5,1382.5,31.177,99.577,Percent,DMSO,
Source[1],,384PP_DMSO2,A9,Destination[1],,384PP_Dest,P5,0,0,,,1220,1220,29.957,99.577,Percent,DMSO,
Source[1],,384PP_DMSO2,A9,Destination[1],,384PP_Dest,P6,0,0,,,952.5,952.5,29.005,99.577,Percent,DMSO,
Source[1],,384PP_DMSO2,A9,Destination[1],,384PP_Dest,P7,0,0,,,555,555,28.45,99.577,Percent,DMSO,
Source[1],,384PP_DMSO2,A9,Destination[1],,384PP_Dest,P9,0,0,,,1500,1500,26.95,99.577,Percent,DMSO,
Source[1],,384PP_DMSO2,A9,Destination[1],,384PP_Dest,P10,0,0,,,1495,1495,24.6,99.345,Percent,DMSO,
Source[1],,384PP_DMSO2,A9,Destination[1],,384PP_Dest,P11,0,0,,,1465,1465,23.135,99.345,Percent,DMSO,
Source[1],,384PP_DMSO2,A9,Destination[1],,384PP_Dest,P12,0,0,,,1382.5,1382.5,21.752,99.345,Percent,DMSO,
Source[1],,384PP_DMSO2,A9,Destination[1],,384PP_Dest,P13,0,0,,,1220,1220,20.532,99.345,Percent,DMSO,
Source[1],,384PP_DMSO2,A9,Destination[1],,384PP_Dest,P14,0,0,,,952.5,952.5,19.58,99.345,Percent,DMSO,
Source[1],,384PP_DMSO2,A9,Destination[1],,384PP_Dest,P15,0,0,,,555,555,19.025,99.345,Percent,DMSO,
Source[1],,384PP_DMSO2,A9,Destination[1],,384PP_Dest,P17,0,0,,,1500,1500,17.525,99.345,Percent,DMSO,
Source[1],,384PP_DMSO2,A9,Destination[1],,384PP_Dest,P18,0,0,,,710,710,16.815,99.345,Percent,DMSO,
Source[1],,384PP_DMSO2,A10,Destination[1],,384PP_Dest,P19,0,0,,,1465,1465,60.7,99.701,Percent,DMSO,
Source[1],,384PP_DMSO2,A10,Destination[1],,384PP_Dest,P20,0,0,,,1382.5,1382.5,59.318,99.701,Percent,DMSO,
Source[1],,384PP_DMSO2,A10,Destination[1],,384PP_Dest,P21,0,0,,,1220,1220,58.098,99.701,Percent,DMSO,
Source[1],,384PP_DMSO2,A10,Destination[1],,384PP_Dest,P22,0,0,,,952.5,952.5,57.145,99.701,Percent,DMSO,
Source[1],,384PP_DMSO2,A10,Destination[1],,384PP_Dest,P23,0,0,,,555,555,56.59,99.701,Percent,DMSO,

Instrument Name,E5XX-1564
Instrument Model,Echo 550
Instrument Serial Number,E5XX-1564
Instrument Software Version,2.5.15

