Run ID,1615479210
Run Date/Time,2021-03-11 16:09:58
Application Name,Labcyte Echo Plate Reformat
Application Version,1.6.4
Protocol Name,b2dmso.epr
User Name,Lab

[DETAILS]
Source Plate Name,Source Plate Barcode,Source Plate Type,Source Well,Destination Plate Name,Destination Plate Barcode,Destination Plate Type,Destination Well,Destination Well X Offset,Destination Well Y Offset,Sample ID,Sample Name,Transfer Volume,Actual Volume,Current Fluid Volume,Fluid Composition,Fluid Units,Fluid Type,Transfer Status
Source[1],,384PP_DMSO2,B4,Destination[1],,384PP_Dest,A1,0,0,,,1500,1500,43.179,96.115,Percent,DMSO,
Source[1],,384PP_DMSO2,B4,Destination[1],,384PP_Dest,A2,0,0,,,1495,1495,41.684,96.115,Percent,DMSO,
Source[1],,384PP_DMSO2,B4,Destination[1],,384PP_Dest,A3,0,0,,,1465,1465,40.219,96.115,Percent,DMSO,
Source[1],,384PP_DMSO2,B4,Destination[1],,384PP_Dest,A4,0,0,,,1382.5,1382.5,38.836,96.115,Percent,DMSO,
Source[1],,384PP_DMSO2,B4,Destination[1],,384PP_Dest,A5,0,0,,,1220,1220,37.616,96.115,Percent,DMSO,
Source[1],,384PP_DMSO2,B4,Destination[1],,384PP_Dest,A6,0,0,,,952.5,952.5,36.664,96.115,Percent,DMSO,
Source[1],,384PP_DMSO2,B4,Destination[1],,384PP_Dest,A7,0,0,,,555,555,36.109,96.115,Percent,DMSO,
Source[1],,384PP_DMSO2,B4,Destination[1],,384PP_Dest,A9,0,0,,,1500,1500,33.499,99.243,Percent,DMSO,
Source[1],,384PP_DMSO2,B4,Destination[1],,384PP_Dest,A10,0,0,,,1495,1495,32.004,99.243,Percent,DMSO,
Source[1],,384PP_DMSO2,B4,Destination[1],,384PP_Dest,A11,0,0,,,1465,1465,30.539,99.243,Percent,DMSO,
Source[1],,384PP_DMSO2,B4,Destination[1],,384PP_Dest,A12,0,0,,,1382.5,1382.5,29.157,99.243,Percent,DMSO,
Source[1],,384PP_DMSO2,B4,Destination[1],,384PP_Dest,A13,0,0,,,1220,1220,27.937,99.243,Percent,DMSO,
Source[1],,384PP_DMSO2,B4,Destination[1],,384PP_Dest,A14,0,0,,,952.5,952.5,26.984,99.243,Percent,DMSO,
Source[1],,384PP_DMSO2,B4,Destination[1],,384PP_Dest,A15,0,0,,,555,555,26.429,99.243,Percent,DMSO,
Source[1],,384PP_DMSO2,B4,Destination[1],,384PP_Dest,A17,0,0,,,1500,1500,24.07,99.243,Percent,DMSO,
Source[1],,384PP_DMSO2,B4,Destination[1],,384PP_Dest,A18,0,0,,,1495,1495,22.575,99.243,Percent,DMSO,
Source[1],,384PP_DMSO2,B4,Destination[1],,384PP_Dest,A19,0,0,,,1465,1465,21.11,99.243,Percent,DMSO,
Source[1],,384PP_DMSO2,B4,Destination[1],,384PP_Dest,A20,0,0,,,1382.5,1382.5,19.727,99.243,Percent,DMSO,
Source[1],,384PP_DMSO2,B4,Destination[1],,384PP_Dest,A21,0,0,,,1220,1220,18.507,99.243,Percent,DMSO,
Source[1],,384PP_DMSO2,B4,Destination[1],,384PP_Dest,A22,0,0,,,952.5,952.5,17.555,99.243,Percent,DMSO,
Source[1],,384PP_DMSO2,B4,Destination[1],,384PP_Dest,A23,0,0,,,555,555,17,99.243,Percent,DMSO,
Source[1],,384PP_DMSO2,B4,Destination[1],,384PP_Dest,B1,0,0,,,210,210,16.79,99.243,Percent,DMSO,
Source[1],,384PP_DMSO2,B5,Destination[1],,384PP_Dest,B2,0,0,,,1495,1495,60.864,99.701,Percent,DMSO,
Source[1],,384PP_DMSO2,B5,Destination[1],,384PP_Dest,B3,0,0,,,1465,1465,59.399,99.701,Percent,DMSO,
Source[1],,384PP_DMSO2,B5,Destination[1],,384PP_Dest,B4,0,0,,,1382.5,1382.5,58.016,99.701,Percent,DMSO,
Source[1],,384PP_DMSO2,B5,Destination[1],,384PP_Dest,B5,0,0,,,1220,1220,56.796,99.701,Percent,DMSO,
Source[1],,384PP_DMSO2,B5,Destination[1],,384PP_Dest,B6,0,0,,,952.5,952.5,55.844,99.701,Percent,DMSO,
Source[1],,384PP_DMSO2,B5,Destination[1],,384PP_Dest,B7,0,0,,,555,555,55.289,99.701,Percent,DMSO,
Source[1],,384PP_DMSO2,B5,Destination[1],,384PP_Dest,B9,0,0,,,1500,1500,53.789,99.701,Percent,DMSO,
Source[1],,384PP_DMSO2,B5,Destination[1],,384PP_Dest,B10,0,0,,,1495,1495,52.962,99.701,Percent,DMSO,
Source[1],,384PP_DMSO2,B5,Destination[1],,384PP_Dest,B11,0,0,,,1465,1465,51.497,99.701,Percent,DMSO,
Source[1],,384PP_DMSO2,B5,Destination[1],,384PP_Dest,B12,0,0,,,1382.5,1382.5,50.114,99.701,Percent,DMSO,
Source[1],,384PP_DMSO2,B5,Destination[1],,384PP_Dest,B13,0,0,,,1220,1220,48.894,99.701,Percent,DMSO,
Source[1],,384PP_DMSO2,B5,Destination[1],,384PP_Dest,B14,0,0,,,952.5,952.5,47.942,99.701,Percent,DMSO,
Source[1],,384PP_DMSO2,B5,Destination[1],,384PP_Dest,B15,0,0,,,555,555,47.387,99.701,Percent,DMSO,
Source[1],,384PP_DMSO2,B5,Destination[1],,384PP_Dest,B17,0,0,,,1500,1500,45.887,99.701,Percent,DMSO,
Source[1],,384PP_DMSO2,B5,Destination[1],,384PP_Dest,B18,0,0,,,1495,1495,43.741,99.701,Percent,DMSO,
Source[1],,384PP_DMSO2,B5,Destination[1],,384PP_Dest,B19,0,0,,,1465,1465,42.276,99.701,Percent,DMSO,
Source[1],,384PP_DMSO2,B5,Destination[1],,384PP_Dest,B20,0,0,,,1382.5,1382.5,40.894,99.701,Percent,DMSO,
Source[1],,384PP_DMSO2,B5,Destination[1],,384PP_Dest,B21,0,0,,,1220,1220,39.674,99.701,Percent,DMSO,
Source[1],,384PP_DMSO2,B5,Destination[1],,384PP_Dest,B22,0,0,,,952.5,952.5,38.721,99.701,Percent,DMSO,
Source[1],,384PP_DMSO2,B5,Destination[1],,384PP_Dest,B23,0,0,,,555,555,38.166,99.701,Percent,DMSO,
Source[1],,384PP_DMSO2,B5,Destination[1],,384PP_Dest,C1,0,0,,,1500,1500,36.666,99.701,Percent,DMSO,
Source[1],,384PP_DMSO2,B5,Destination[1],,384PP_Dest,C2,0,0,,,1495,1495,34.42,99.701,Percent,DMSO,
Source[1],,384PP_DMSO2,B5,Destination[1],,384PP_Dest,C3,0,0,,,1465,1465,32.955,99.701,Percent,DMSO,
Source[1],,384PP_DMSO2,B5,Destination[1],,384PP_Dest,C4,0,0,,,1382.5,1382.5,31.573,99.701,Percent,DMSO,
Source[1],,384PP_DMSO2,B5,Destination[1],,384PP_Dest,C5,0,0,,,1220,1220,30.353,99.701,Percent,DMSO,
Source[1],,384PP_DMSO2,B5,Destination[1],,384PP_Dest,C6,0,0,,,952.5,952.5,29.4,99.701,Percent,DMSO,
Source[1],,384PP_DMSO2,B5,Destination[1],,384PP_Dest,C7,0,0,,,555,555,28.845,99.701,Percent,DMSO,
Source[1],,384PP_DMSO2,B5,Destination[1],,384PP_Dest,C9,0,0,,,1500,1500,27.345,99.701,Percent,DMSO,
Source[1],,384PP_DMSO2,B5,Destination[1],,384PP_Dest,C10,0,0,,,1495,1495,25.069,98.448,Percent,DMSO,
Source[1],,384PP_DMSO2,B5,Destination[1],,384PP_Dest,C11,0,0,,,1465,1465,23.604,98.448,Percent,DMSO,
Source[1],,384PP_DMSO2,B5,Destination[1],,384PP_Dest,C12,0,0,,,1382.5,1382.5,22.222,98.448,Percent,DMSO,
Source[1],,384PP_DMSO2,B5,Destination[1],,384PP_Dest,C13,0,0,,,1220,1220,21.002,98.448,Percent,DMSO,
Source[1],,384PP_DMSO2,B5,Destination[1],,384PP_Dest,C14,0,0,,,952.5,952.5,20.049,98.448,Percent,DMSO,
Source[1],,384PP_DMSO2,B5,Destination[1],,384PP_Dest,C15,0,0,,,555,555,19.494,98.448,Percent,DMSO,
Source[1],,384PP_DMSO2,B5,Destination[1],,384PP_Dest,C17,0,0,,,1500,1500,17.994,98.448,Percent,DMSO,
Source[1],,384PP_DMSO2,B5,Destination[1],,384PP_Dest,C18,0,0,,,860,860,17.134,98.448,Percent,DMSO,
Source[1],,384PP_DMSO2,B6,Destination[1],,384PP_Dest,C19,0,0,,,1465,1465,61.236,99.684,Percent,DMSO,
Source[1],,384PP_DMSO2,B6,Destination[1],,384PP_Dest,C20,0,0,,,1382.5,1382.5,59.853,99.684,Percent,DMSO,
Source[1],,384PP_DMSO2,B6,Destination[1],,384PP_Dest,C21,0,0,,,1220,1220,58.633,99.684,Percent,DMSO,
Source[1],,384PP_DMSO2,B6,Destination[1],,384PP_Dest,C22,0,0,,,952.5,952.5,57.681,99.684,Percent,DMSO,
Source[1],,384PP_DMSO2,B6,Destination[1],,384PP_Dest,C23,0,0,,,555,555,57.126,99.684,Percent,DMSO,
Source[1],,384PP_DMSO2,B6,Destination[1],,384PP_Dest,D2,0,0,,,1495,1495,55.631,99.684,Percent,DMSO,
Source[1],,384PP_DMSO2,B6,Destination[1],,384PP_Dest,D1,0,0,,,1500,1500,54.131,99.684,Percent,DMSO,
Source[1],,384PP_DMSO2,B6,Destination[1],,384PP_Dest,D3,0,0,,,1465,1465,53.475,99.419,Percent,DMSO,
Source[1],,384PP_DMSO2,B6,Destination[1],,384PP_Dest,D4,0,0,,,1382.5,1382.5,52.093,99.419,Percent,DMSO,
Source[1],,384PP_DMSO2,B6,Destination[1],,384PP_Dest,D5,0,0,,,1220,1220,50.873,99.419,Percent,DMSO,
Source[1],,384PP_DMSO2,B6,Destination[1],,384PP_Dest,D6,0,0,,,952.5,952.5,49.92,99.419,Percent,DMSO,
Source[1],,384PP_DMSO2,B6,Destination[1],,384PP_Dest,D7,0,0,,,555,555,49.365,99.419,Percent,DMSO,
Source[1],,384PP_DMSO2,B6,Destination[1],,384PP_Dest,D9,0,0,,,1500,1500,47.865,99.419,Percent,DMSO,
Source[1],,384PP_DMSO2,B6,Destination[1],,384PP_Dest,D10,0,0,,,1495,1495,46.37,99.419,Percent,DMSO,
Source[1],,384PP_DMSO2,B6,Destination[1],,384PP_Dest,D11,0,0,,,1465,1465,44.356,99.431,Percent,DMSO,
Source[1],,384PP_DMSO2,B6,Destination[1],,384PP_Dest,D12,0,0,,,1382.5,1382.5,42.973,99.431,Percent,DMSO,
Source[1],,384PP_DMSO2,B6,Destination[1],,384PP_Dest,D13,0,0,,,1220,1220,41.753,99.431,Percent,DMSO,
Source[1],,384PP_DMSO2,B6,Destination[1],,384PP_Dest,D14,0,0,,,952.5,952.5,40.801,99.431,Percent,DMSO,
Source[1],,384PP_DMSO2,B6,Destination[1],,384PP_Dest,D15,0,0,,,555,555,40.246,99.431,Percent,DMSO,
Source[1],,384PP_DMSO2,B6,Destination[1],,384PP_Dest,D17,0,0,,,1500,1500,38.746,99.431,Percent,DMSO,
Source[1],,384PP_DMSO2,B6,Destination[1],,384PP_Dest,D18,0,0,,,1495,1495,37.251,99.431,Percent,DMSO,
Source[1],,384PP_DMSO2,B6,Destination[1],,384PP_Dest,D19,0,0,,,1465,1465,35.079,99.049,Percent,DMSO,
Source[1],,384PP_DMSO2,B6,Destination[1],,384PP_Dest,D20,0,0,,,1382.5,1382.5,33.697,99.049,Percent,DMSO,
Source[1],,384PP_DMSO2,B6,Destination[1],,384PP_Dest,D21,0,0,,,1220,1220,32.477,99.049,Percent,DMSO,
Source[1],,384PP_DMSO2,B6,Destination[1],,384PP_Dest,D22,0,0,,,952.5,952.5,31.524,99.049,Percent,DMSO,
Source[1],,384PP_DMSO2,B6,Destination[1],,384PP_Dest,D23,0,0,,,555,555,30.969,99.049,Percent,DMSO,
Source[1],,384PP_DMSO2,B6,Destination[1],,384PP_Dest,E2,0,0,,,1495,1495,29.474,99.049,Percent,DMSO,
Source[1],,384PP_DMSO2,B6,Destination[1],,384PP_Dest,E1,0,0,,,1500,1500,27.974,99.049,Percent,DMSO,
Source[1],,384PP_DMSO2,B6,Destination[1],,384PP_Dest,E3,0,0,,,1465,1465,25.705,99.431,Percent,DMSO,
Source[1],,384PP_DMSO2,B6,Destination[1],,384PP_Dest,E4,0,0,,,1382.5,1382.5,24.322,99.431,Percent,DMSO,
Source[1],,384PP_DMSO2,B6,Destination[1],,384PP_Dest,E5,0,0,,,1220,1220,23.102,99.431,Percent,DMSO,
Source[1],,384PP_DMSO2,B6,Destination[1],,384PP_Dest,E6,0,0,,,952.5,952.5,22.15,99.431,Percent,DMSO,
Source[1],,384PP_DMSO2,B6,Destination[1],,384PP_Dest,E7,0,0,,,555,555,21.595,99.431,Percent,DMSO,
Source[1],,384PP_DMSO2,B6,Destination[1],,384PP_Dest,E9,0,0,,,1500,1500,20.095,99.431,Percent,DMSO,
Source[1],,384PP_DMSO2,B6,Destination[1],,384PP_Dest,E10,0,0,,,1495,1495,18.6,99.431,Percent,DMSO,
Source[1],,384PP_DMSO2,B6,Destination[1],,384PP_Dest,E11,0,0,,,1465,1465,16.073,99.049,Percent,DMSO,
Source[1],,384PP_DMSO2,B6,Destination[1],,384PP_Dest,E12,0,0,,,50,50,16.023,99.049,Percent,DMSO,
Source[1],,384PP_DMSO2,B7,Destination[1],,384PP_Dest,E13,0,0,,,1220,1220,61.01,99.701,Percent,DMSO,
Source[1],,384PP_DMSO2,B7,Destination[1],,384PP_Dest,E14,0,0,,,952.5,952.5,60.057,99.701,Percent,DMSO,
Source[1],,384PP_DMSO2,B7,Destination[1],,384PP_Dest,E15,0,0,,,555,555,59.502,99.701,Percent,DMSO,
Source[1],,384PP_DMSO2,B7,Destination[1],,384PP_Dest,E17,0,0,,,1500,1500,58.002,99.701,Percent,DMSO,
Source[1],,384PP_DMSO2,B7,Destination[1],,384PP_Dest,E18,0,0,,,1495,1495,56.507,99.701,Percent,DMSO,
Source[1],,384PP_DMSO2,B7,Destination[1],,384PP_Dest,E19,0,0,,,1465,1465,55.042,99.701,Percent,DMSO,
Source[1],,384PP_DMSO2,B7,Destination[1],,384PP_Dest,E20,0,0,,,1382.5,1382.5,53.66,99.701,Percent,DMSO,
Source[1],,384PP_DMSO2,B7,Destination[1],,384PP_Dest,E21,0,0,,,1220,1220,52.44,99.701,Percent,DMSO,
Source[1],,384PP_DMSO2,B7,Destination[1],,384PP_Dest,E22,0,0,,,952.5,952.5,52.165,99.531,Percent,DMSO,
Source[1],,384PP_DMSO2,B7,Destination[1],,384PP_Dest,E23,0,0,,,555,555,51.61,99.531,Percent,DMSO,
Source[1],,384PP_DMSO2,B7,Destination[1],,384PP_Dest,F6,0,0,,,952.5,952.5,50.657,99.531,Percent,DMSO,
Source[1],,384PP_DMSO2,B7,Destination[1],,384PP_Dest,F5,0,0,,,1220,1220,49.437,99.531,Percent,DMSO,
Source[1],,384PP_DMSO2,B7,Destination[1],,384PP_Dest,F4,0,0,,,1382.5,1382.5,48.055,99.531,Percent,DMSO,
Source[1],,384PP_DMSO2,B7,Destination[1],,384PP_Dest,F3,0,0,,,1465,1465,46.59,99.531,Percent,DMSO,
Source[1],,384PP_DMSO2,B7,Destination[1],,384PP_Dest,F2,0,0,,,1495,1495,45.095,99.531,Percent,DMSO,
Source[1],,384PP_DMSO2,B7,Destination[1],,384PP_Dest,F1,0,0,,,1500,1500,43.595,99.531,Percent,DMSO,
Source[1],,384PP_DMSO2,B7,Destination[1],,384PP_Dest,F7,0,0,,,555,555,42.257,99.701,Percent,DMSO,
Source[1],,384PP_DMSO2,B7,Destination[1],,384PP_Dest,F9,0,0,,,1500,1500,40.757,99.701,Percent,DMSO,
Source[1],,384PP_DMSO2,B7,Destination[1],,384PP_Dest,F10,0,0,,,1495,1495,39.262,99.701,Percent,DMSO,
Source[1],,384PP_DMSO2,B7,Destination[1],,384PP_Dest,F11,0,0,,,1465,1465,37.797,99.701,Percent,DMSO,
Source[1],,384PP_DMSO2,B7,Destination[1],,384PP_Dest,F12,0,0,,,1382.5,1382.5,36.415,99.701,Percent,DMSO,
Source[1],,384PP_DMSO2,B7,Destination[1],,384PP_Dest,F13,0,0,,,1220,1220,35.195,99.701,Percent,DMSO,
Source[1],,384PP_DMSO2,B7,Destination[1],,384PP_Dest,F14,0,0,,,952.5,952.5,34.242,99.701,Percent,DMSO,
Source[1],,384PP_DMSO2,B7,Destination[1],,384PP_Dest,F15,0,0,,,555,555,33.687,99.701,Percent,DMSO,
Source[1],,384PP_DMSO2,B7,Destination[1],,384PP_Dest,F17,0,0,,,1500,1500,31.306,99.701,Percent,DMSO,
Source[1],,384PP_DMSO2,B7,Destination[1],,384PP_Dest,F18,0,0,,,1495,1495,29.811,99.701,Percent,DMSO,
Source[1],,384PP_DMSO2,B7,Destination[1],,384PP_Dest,F19,0,0,,,1465,1465,28.346,99.701,Percent,DMSO,
Source[1],,384PP_DMSO2,B7,Destination[1],,384PP_Dest,F20,0,0,,,1382.5,1382.5,26.964,99.701,Percent,DMSO,
Source[1],,384PP_DMSO2,B7,Destination[1],,384PP_Dest,F21,0,0,,,1220,1220,25.744,99.701,Percent,DMSO,
Source[1],,384PP_DMSO2,B7,Destination[1],,384PP_Dest,F22,0,0,,,952.5,952.5,24.791,99.701,Percent,DMSO,
Source[1],,384PP_DMSO2,B7,Destination[1],,384PP_Dest,F23,0,0,,,555,555,24.236,99.701,Percent,DMSO,
Source[1],,384PP_DMSO2,B7,Destination[1],,384PP_Dest,G1,0,0,,,1500,1500,21.89,99.147,Percent,DMSO,
Source[1],,384PP_DMSO2,B7,Destination[1],,384PP_Dest,G2,0,0,,,1495,1495,20.395,99.147,Percent,DMSO,
Source[1],,384PP_DMSO2,B7,Destination[1],,384PP_Dest,G3,0,0,,,1465,1465,18.93,99.147,Percent,DMSO,
Source[1],,384PP_DMSO2,B7,Destination[1],,384PP_Dest,G4,0,0,,,1382.5,1382.5,17.548,99.147,Percent,DMSO,
Source[1],,384PP_DMSO2,B7,Destination[1],,384PP_Dest,G5,0,0,,,817.5,817.5,16.73,99.147,Percent,DMSO,
Source[1],,384PP_DMSO2,B8,Destination[1],,384PP_Dest,G6,0,0,,,952.5,952.5,61.713,99.701,Percent,DMSO,
Source[1],,384PP_DMSO2,B8,Destination[1],,384PP_Dest,G7,0,0,,,555,555,61.158,99.701,Percent,DMSO,
Source[1],,384PP_DMSO2,B8,Destination[1],,384PP_Dest,G9,0,0,,,1500,1500,59.658,99.701,Percent,DMSO,
Source[1],,384PP_DMSO2,B8,Destination[1],,384PP_Dest,G10,0,0,,,1495,1495,58.163,99.701,Percent,DMSO,
Source[1],,384PP_DMSO2,B8,Destination[1],,384PP_Dest,G11,0,0,,,1465,1465,56.698,99.701,Percent,DMSO,
Source[1],,384PP_DMSO2,B8,Destination[1],,384PP_Dest,G12,0,0,,,1382.5,1382.5,55.315,99.701,Percent,DMSO,
Source[1],,384PP_DMSO2,B8,Destination[1],,384PP_Dest,G13,0,0,,,1220,1220,54.095,99.701,Percent,DMSO,
Source[1],,384PP_DMSO2,B8,Destination[1],,384PP_Dest,G14,0,0,,,952.5,952.5,53.143,99.701,Percent,DMSO,
Source[1],,384PP_DMSO2,B8,Destination[1],,384PP_Dest,G15,0,0,,,555,555,53.264,99.473,Percent,DMSO,
Source[1],,384PP_DMSO2,B8,Destination[1],,384PP_Dest,G17,0,0,,,1500,1500,51.764,99.473,Percent,DMSO,
Source[1],,384PP_DMSO2,B8,Destination[1],,384PP_Dest,G18,0,0,,,1495,1495,50.269,99.473,Percent,DMSO,
Source[1],,384PP_DMSO2,B8,Destination[1],,384PP_Dest,G19,0,0,,,1465,1465,48.804,99.473,Percent,DMSO,
Source[1],,384PP_DMSO2,B8,Destination[1],,384PP_Dest,G20,0,0,,,1382.5,1382.5,47.421,99.473,Percent,DMSO,
Source[1],,384PP_DMSO2,B8,Destination[1],,384PP_Dest,G21,0,0,,,1220,1220,46.201,99.473,Percent,DMSO,
Source[1],,384PP_DMSO2,B8,Destination[1],,384PP_Dest,G22,0,0,,,952.5,952.5,45.249,99.473,Percent,DMSO,
Source[1],,384PP_DMSO2,B8,Destination[1],,384PP_Dest,G23,0,0,,,555,555,44.694,99.473,Percent,DMSO,
Source[1],,384PP_DMSO2,B8,Destination[1],,384PP_Dest,H1,0,0,,,1500,1500,42.461,99.473,Percent,DMSO,
Source[1],,384PP_DMSO2,B8,Destination[1],,384PP_Dest,H2,0,0,,,1495,1495,40.966,99.473,Percent,DMSO,
Source[1],,384PP_DMSO2,B8,Destination[1],,384PP_Dest,H3,0,0,,,1465,1465,39.501,99.473,Percent,DMSO,
Source[1],,384PP_DMSO2,B8,Destination[1],,384PP_Dest,H4,0,0,,,1382.5,1382.5,38.119,99.473,Percent,DMSO,
Source[1],,384PP_DMSO2,B8,Destination[1],,384PP_Dest,H5,0,0,,,1220,1220,36.899,99.473,Percent,DMSO,
Source[1],,384PP_DMSO2,B8,Destination[1],,384PP_Dest,H6,0,0,,,952.5,952.5,35.946,99.473,Percent,DMSO,
Source[1],,384PP_DMSO2,B8,Destination[1],,384PP_Dest,H7,0,0,,,555,555,35.391,99.473,Percent,DMSO,
Source[1],,384PP_DMSO2,B8,Destination[1],,384PP_Dest,H9,0,0,,,1500,1500,33.094,99.701,Percent,DMSO,
Source[1],,384PP_DMSO2,B8,Destination[1],,384PP_Dest,H10,0,0,,,1495,1495,31.599,99.701,Percent,DMSO,
Source[1],,384PP_DMSO2,B8,Destination[1],,384PP_Dest,H11,0,0,,,1465,1465,30.134,99.701,Percent,DMSO,
Source[1],,384PP_DMSO2,B8,Destination[1],,384PP_Dest,H12,0,0,,,1382.5,1382.5,28.752,99.701,Percent,DMSO,
Source[1],,384PP_DMSO2,B8,Destination[1],,384PP_Dest,H13,0,0,,,1220,1220,27.532,99.701,Percent,DMSO,
Source[1],,384PP_DMSO2,B8,Destination[1],,384PP_Dest,H14,0,0,,,952.5,952.5,26.579,99.701,Percent,DMSO,
Source[1],,384PP_DMSO2,B8,Destination[1],,384PP_Dest,H15,0,0,,,555,555,26.024,99.701,Percent,DMSO,
Source[1],,384PP_DMSO2,B8,Destination[1],,384PP_Dest,H17,0,0,,,1500,1500,23.67,99.037,Percent,DMSO,
Source[1],,384PP_DMSO2,B8,Destination[1],,384PP_Dest,H18,0,0,,,1495,1495,22.175,99.037,Percent,DMSO,
Source[1],,384PP_DMSO2,B8,Destination[1],,384PP_Dest,H19,0,0,,,1465,1465,20.71,99.037,Percent,DMSO,
Source[1],,384PP_DMSO2,B8,Destination[1],,384PP_Dest,H20,0,0,,,1382.5,1382.5,19.328,99.037,Percent,DMSO,
Source[1],,384PP_DMSO2,B8,Destination[1],,384PP_Dest,H21,0,0,,,1220,1220,18.108,99.037,Percent,DMSO,
Source[1],,384PP_DMSO2,B8,Destination[1],,384PP_Dest,H22,0,0,,,952.5,952.5,17.155,99.037,Percent,DMSO,
Source[1],,384PP_DMSO2,B8,Destination[1],,384PP_Dest,H23,0,0,,,555,555,16.6,99.037,Percent,DMSO,
Source[1],,384PP_DMSO2,B8,Destination[1],,384PP_Dest,I1,0,0,,,240,240,16.36,99.037,Percent,DMSO,
Source[1],,384PP_DMSO2,B9,Destination[1],,384PP_Dest,I2,0,0,,,1495,1495,61.106,99.701,Percent,DMSO,
Source[1],,384PP_DMSO2,B9,Destination[1],,384PP_Dest,I3,0,0,,,1465,1465,59.641,99.701,Percent,DMSO,
Source[1],,384PP_DMSO2,B9,Destination[1],,384PP_Dest,I4,0,0,,,1382.5,1382.5,58.258,99.701,Percent,DMSO,
Source[1],,384PP_DMSO2,B9,Destination[1],,384PP_Dest,I5,0,0,,,1220,1220,57.038,99.701,Percent,DMSO,
Source[1],,384PP_DMSO2,B9,Destination[1],,384PP_Dest,I6,0,0,,,952.5,952.5,56.086,99.701,Percent,DMSO,
Source[1],,384PP_DMSO2,B9,Destination[1],,384PP_Dest,I7,0,0,,,555,555,55.531,99.701,Percent,DMSO,
Source[1],,384PP_DMSO2,B9,Destination[1],,384PP_Dest,I9,0,0,,,1500,1500,54.031,99.701,Percent,DMSO,
Source[1],,384PP_DMSO2,B9,Destination[1],,384PP_Dest,I10,0,0,,,1495,1495,53.162,99.701,Percent,DMSO,
Source[1],,384PP_DMSO2,B9,Destination[1],,384PP_Dest,I11,0,0,,,1465,1465,51.697,99.701,Percent,DMSO,
Source[1],,384PP_DMSO2,B9,Destination[1],,384PP_Dest,I12,0,0,,,1382.5,1382.5,50.315,99.701,Percent,DMSO,
Source[1],,384PP_DMSO2,B9,Destination[1],,384PP_Dest,I13,0,0,,,1220,1220,49.095,99.701,Percent,DMSO,
Source[1],,384PP_DMSO2,B9,Destination[1],,384PP_Dest,I14,0,0,,,952.5,952.5,48.142,99.701,Percent,DMSO,
Source[1],,384PP_DMSO2,B9,Destination[1],,384PP_Dest,I15,0,0,,,555,555,47.587,99.701,Percent,DMSO,
Source[1],,384PP_DMSO2,B9,Destination[1],,384PP_Dest,I17,0,0,,,1500,1500,46.087,99.701,Percent,DMSO,
Source[1],,384PP_DMSO2,B9,Destination[1],,384PP_Dest,I18,0,0,,,1495,1495,43.985,99.701,Percent,DMSO,
Source[1],,384PP_DMSO2,B9,Destination[1],,384PP_Dest,I19,0,0,,,1465,1465,42.52,99.701,Percent,DMSO,
Source[1],,384PP_DMSO2,B9,Destination[1],,384PP_Dest,I20,0,0,,,1382.5,1382.5,41.138,99.701,Percent,DMSO,
Source[1],,384PP_DMSO2,B9,Destination[1],,384PP_Dest,I21,0,0,,,1220,1220,39.918,99.701,Percent,DMSO,
Source[1],,384PP_DMSO2,B9,Destination[1],,384PP_Dest,I22,0,0,,,952.5,952.5,38.965,99.701,Percent,DMSO,
Source[1],,384PP_DMSO2,B9,Destination[1],,384PP_Dest,I23,0,0,,,555,555,38.41,99.701,Percent,DMSO,
Source[1],,384PP_DMSO2,B9,Destination[1],,384PP_Dest,J1,0,0,,,1500,1500,36.91,99.701,Percent,DMSO,
Source[1],,384PP_DMSO2,B9,Destination[1],,384PP_Dest,J2,0,0,,,1495,1495,34.671,99.403,Percent,DMSO,
Source[1],,384PP_DMSO2,B9,Destination[1],,384PP_Dest,J3,0,0,,,1465,1465,33.206,99.403,Percent,DMSO,
Source[1],,384PP_DMSO2,B9,Destination[1],,384PP_Dest,J4,0,0,,,1382.5,1382.5,31.823,99.403,Percent,DMSO,
Source[1],,384PP_DMSO2,B9,Destination[1],,384PP_Dest,J5,0,0,,,1220,1220,30.603,99.403,Percent,DMSO,
Source[1],,384PP_DMSO2,B9,Destination[1],,384PP_Dest,J6,0,0,,,952.5,952.5,29.651,99.403,Percent,DMSO,
Source[1],,384PP_DMSO2,B9,Destination[1],,384PP_Dest,J7,0,0,,,555,555,29.096,99.403,Percent,DMSO,
Source[1],,384PP_DMSO2,B9,Destination[1],,384PP_Dest,J9,0,0,,,1500,1500,27.596,99.403,Percent,DMSO,
Source[1],,384PP_DMSO2,B9,Destination[1],,384PP_Dest,J10,0,0,,,1495,1495,25.269,99.399,Percent,DMSO,
Source[1],,384PP_DMSO2,B9,Destination[1],,384PP_Dest,J11,0,0,,,1465,1465,23.804,99.399,Percent,DMSO,
Source[1],,384PP_DMSO2,B9,Destination[1],,384PP_Dest,J12,0,0,,,1382.5,1382.5,22.422,99.399,Percent,DMSO,
Source[1],,384PP_DMSO2,B9,Destination[1],,384PP_Dest,J13,0,0,,,1220,1220,21.202,99.399,Percent,DMSO,
Source[1],,384PP_DMSO2,B9,Destination[1],,384PP_Dest,J14,0,0,,,952.5,952.5,20.249,99.399,Percent,DMSO,
Source[1],,384PP_DMSO2,B9,Destination[1],,384PP_Dest,J15,0,0,,,555,555,19.694,99.399,Percent,DMSO,
Source[1],,384PP_DMSO2,B9,Destination[1],,384PP_Dest,J17,0,0,,,1500,1500,18.194,99.399,Percent,DMSO,
Source[1],,384PP_DMSO2,B9,Destination[1],,384PP_Dest,J18,0,0,,,890,890,17.304,99.399,Percent,DMSO,
Source[1],,384PP_DMSO2,B10,Destination[1],,384PP_Dest,J19,0,0,,,1465,1465,61.184,99.701,Percent,DMSO,
Source[1],,384PP_DMSO2,B10,Destination[1],,384PP_Dest,J20,0,0,,,1382.5,1382.5,59.801,99.701,Percent,DMSO,
Source[1],,384PP_DMSO2,B10,Destination[1],,384PP_Dest,J21,0,0,,,1220,1220,58.581,99.701,Percent,DMSO,
Source[1],,384PP_DMSO2,B10,Destination[1],,384PP_Dest,J22,0,0,,,952.5,952.5,57.629,99.701,Percent,DMSO,
Source[1],,384PP_DMSO2,B10,Destination[1],,384PP_Dest,J23,0,0,,,555,555,57.074,99.701,Percent,DMSO,
Source[1],,384PP_DMSO2,B10,Destination[1],,384PP_Dest,K2,0,0,,,1495,1495,55.579,99.701,Percent,DMSO,
Source[1],,384PP_DMSO2,B10,Destination[1],,384PP_Dest,K1,0,0,,,1500,1500,54.079,99.701,Percent,DMSO,
Source[1],,384PP_DMSO2,B10,Destination[1],,384PP_Dest,K3,0,0,,,1465,1465,53.192,99.701,Percent,DMSO,
Source[1],,384PP_DMSO2,B10,Destination[1],,384PP_Dest,K4,0,0,,,1382.5,1382.5,51.81,99.701,Percent,DMSO,
Source[1],,384PP_DMSO2,B10,Destination[1],,384PP_Dest,K5,0,0,,,1220,1220,50.59,99.701,Percent,DMSO,
Source[1],,384PP_DMSO2,B10,Destination[1],,384PP_Dest,K6,0,0,,,952.5,952.5,49.637,99.701,Percent,DMSO,
Source[1],,384PP_DMSO2,B10,Destination[1],,384PP_Dest,K7,0,0,,,555,555,49.082,99.701,Percent,DMSO,
Source[1],,384PP_DMSO2,B10,Destination[1],,384PP_Dest,K9,0,0,,,1500,1500,47.582,99.701,Percent,DMSO,
Source[1],,384PP_DMSO2,B10,Destination[1],,384PP_Dest,K10,0,0,,,1495,1495,46.087,99.701,Percent,DMSO,
Source[1],,384PP_DMSO2,B10,Destination[1],,384PP_Dest,K11,0,0,,,1465,1465,44.076,99.701,Percent,DMSO,
Source[1],,384PP_DMSO2,B10,Destination[1],,384PP_Dest,K12,0,0,,,1382.5,1382.5,42.694,99.701,Percent,DMSO,
Source[1],,384PP_DMSO2,B10,Destination[1],,384PP_Dest,K13,0,0,,,1220,1220,41.474,99.701,Percent,DMSO,
Source[1],,384PP_DMSO2,B10,Destination[1],,384PP_Dest,K14,0,0,,,952.5,952.5,40.521,99.701,Percent,DMSO,
Source[1],,384PP_DMSO2,B10,Destination[1],,384PP_Dest,K15,0,0,,,555,555,39.966,99.701,Percent,DMSO,
Source[1],,384PP_DMSO2,B10,Destination[1],,384PP_Dest,K17,0,0,,,1500,1500,38.466,99.701,Percent,DMSO,
Source[1],,384PP_DMSO2,B10,Destination[1],,384PP_Dest,K18,0,0,,,1495,1495,36.971,99.701,Percent,DMSO,
Source[1],,384PP_DMSO2,B10,Destination[1],,384PP_Dest,K19,0,0,,,1465,1465,34.674,99.701,Percent,DMSO,
Source[1],,384PP_DMSO2,B10,Destination[1],,384PP_Dest,K20,0,0,,,1382.5,1382.5,33.291,99.701,Percent,DMSO,
Source[1],,384PP_DMSO2,B10,Destination[1],,384PP_Dest,K21,0,0,,,1220,1220,32.071,99.701,Percent,DMSO,
Source[1],,384PP_DMSO2,B10,Destination[1],,384PP_Dest,K22,0,0,,,952.5,952.5,31.119,99.701,Percent,DMSO,
Source[1],,384PP_DMSO2,B10,Destination[1],,384PP_Dest,K23,0,0,,,555,555,30.564,99.701,Percent,DMSO,
Source[1],,384PP_DMSO2,B10,Destination[1],,384PP_Dest,L2,0,0,,,1495,1495,29.069,99.701,Percent,DMSO,
Source[1],,384PP_DMSO2,B10,Destination[1],,384PP_Dest,L1,0,0,,,1500,1500,27.569,99.701,Percent,DMSO,
Source[1],,384PP_DMSO2,B10,Destination[1],,384PP_Dest,L3,0,0,,,1465,1465,25.204,99.701,Percent,DMSO,
Source[1],,384PP_DMSO2,B10,Destination[1],,384PP_Dest,L4,0,0,,,1382.5,1382.5,23.821,99.701,Percent,DMSO,
Source[1],,384PP_DMSO2,B10,Destination[1],,384PP_Dest,L5,0,0,,,1220,1220,22.601,99.701,Percent,DMSO,
Source[1],,384PP_DMSO2,B10,Destination[1],,384PP_Dest,L6,0,0,,,952.5,952.5,21.649,99.701,Percent,DMSO,
Source[1],,384PP_DMSO2,B10,Destination[1],,384PP_Dest,L7,0,0,,,555,555,21.094,99.701,Percent,DMSO,
Source[1],,384PP_DMSO2,B10,Destination[1],,384PP_Dest,L9,0,0,,,1500,1500,19.594,99.701,Percent,DMSO,
Source[1],,384PP_DMSO2,B10,Destination[1],,384PP_Dest,L10,0,0,,,1495,1495,18.099,99.701,Percent,DMSO,
Source[1],,384PP_DMSO2,B10,Destination[1],,384PP_Dest,L11,0,0,,,1465,1465,15.663,99.701,Percent,DMSO,
Source[1],,384PP_DMSO2,B10,Destination[1],,384PP_Dest,L12,0,0,,,80,80,15.583,99.701,Percent,DMSO,
Source[1],,384PP_DMSO2,B11,Destination[1],,384PP_Dest,L13,0,0,,,1220,1220,59.188,99.701,Percent,DMSO,
Source[1],,384PP_DMSO2,B11,Destination[1],,384PP_Dest,L14,0,0,,,952.5,952.5,58.235,99.701,Percent,DMSO,
Source[1],,384PP_DMSO2,B11,Destination[1],,384PP_Dest,L15,0,0,,,555,555,57.68,99.701,Percent,DMSO,
Source[1],,384PP_DMSO2,B11,Destination[1],,384PP_Dest,L17,0,0,,,1500,1500,56.18,99.701,Percent,DMSO,
Source[1],,384PP_DMSO2,B11,Destination[1],,384PP_Dest,L18,0,0,,,1495,1495,54.685,99.701,Percent,DMSO,
Source[1],,384PP_DMSO2,B11,Destination[1],,384PP_Dest,L19,0,0,,,1465,1465,53.22,99.701,Percent,DMSO,
Source[1],,384PP_DMSO2,B11,Destination[1],,384PP_Dest,L20,0,0,,,1382.5,1382.5,51.838,99.701,Percent,DMSO,
Source[1],,384PP_DMSO2,B11,Destination[1],,384PP_Dest,L21,0,0,,,1220,1220,50.618,99.701,Percent,DMSO,
Source[1],,384PP_DMSO2,B11,Destination[1],,384PP_Dest,L22,0,0,,,952.5,952.5,49.934,99.701,Percent,DMSO,
Source[1],,384PP_DMSO2,B11,Destination[1],,384PP_Dest,L23,0,0,,,555,555,49.379,99.701,Percent,DMSO,
Source[1],,384PP_DMSO2,B11,Destination[1],,384PP_Dest,M6,0,0,,,952.5,952.5,48.427,99.701,Percent,DMSO,
Source[1],,384PP_DMSO2,B11,Destination[1],,384PP_Dest,M5,0,0,,,1220,1220,47.207,99.701,Percent,DMSO,
Source[1],,384PP_DMSO2,B11,Destination[1],,384PP_Dest,M4,0,0,,,1382.5,1382.5,45.824,99.701,Percent,DMSO,
Source[1],,384PP_DMSO2,B11,Destination[1],,384PP_Dest,M3,0,0,,,1465,1465,44.359,99.701,Percent,DMSO,
Source[1],,384PP_DMSO2,B11,Destination[1],,384PP_Dest,M2,0,0,,,1495,1495,42.864,99.701,Percent,DMSO,
Source[1],,384PP_DMSO2,B11,Destination[1],,384PP_Dest,M1,0,0,,,1500,1500,41.364,99.701,Percent,DMSO,
Source[1],,384PP_DMSO2,B11,Destination[1],,384PP_Dest,M7,0,0,,,555,555,40.306,99.283,Percent,DMSO,
Source[1],,384PP_DMSO2,B11,Destination[1],,384PP_Dest,M9,0,0,,,1500,1500,38.806,99.283,Percent,DMSO,
Source[1],,384PP_DMSO2,B11,Destination[1],,384PP_Dest,M10,0,0,,,1495,1495,37.311,99.283,Percent,DMSO,
Source[1],,384PP_DMSO2,B11,Destination[1],,384PP_Dest,M11,0,0,,,1465,1465,35.846,99.283,Percent,DMSO,
Source[1],,384PP_DMSO2,B11,Destination[1],,384PP_Dest,M12,0,0,,,1382.5,1382.5,34.464,99.283,Percent,DMSO,
Source[1],,384PP_DMSO2,B11,Destination[1],,384PP_Dest,M13,0,0,,,1220,1220,33.244,99.283,Percent,DMSO,
Source[1],,384PP_DMSO2,B11,Destination[1],,384PP_Dest,M14,0,0,,,952.5,952.5,32.291,99.283,Percent,DMSO,
Source[1],,384PP_DMSO2,B11,Destination[1],,384PP_Dest,M15,0,0,,,555,555,31.736,99.283,Percent,DMSO,
Source[1],,384PP_DMSO2,B11,Destination[1],,384PP_Dest,M17,0,0,,,1500,1500,29.741,99.701,Percent,DMSO,
Source[1],,384PP_DMSO2,B11,Destination[1],,384PP_Dest,M18,0,0,,,1495,1495,28.246,99.701,Percent,DMSO,
Source[1],,384PP_DMSO2,B11,Destination[1],,384PP_Dest,M19,0,0,,,1465,1465,26.781,99.701,Percent,DMSO,
Source[1],,384PP_DMSO2,B11,Destination[1],,384PP_Dest,M20,0,0,,,1382.5,1382.5,25.399,99.701,Percent,DMSO,
Source[1],,384PP_DMSO2,B11,Destination[1],,384PP_Dest,M21,0,0,,,1220,1220,24.179,99.701,Percent,DMSO,
Source[1],,384PP_DMSO2,B11,Destination[1],,384PP_Dest,M22,0,0,,,952.5,952.5,23.226,99.701,Percent,DMSO,
Source[1],,384PP_DMSO2,B11,Destination[1],,384PP_Dest,M23,0,0,,,555,555,22.671,99.701,Percent,DMSO,
Source[1],,384PP_DMSO2,B11,Destination[1],,384PP_Dest,N1,0,0,,,1500,1500,20.858,99.532,Percent,DMSO,
Source[1],,384PP_DMSO2,B11,Destination[1],,384PP_Dest,N2,0,0,,,1495,1495,19.363,99.532,Percent,DMSO,
Source[1],,384PP_DMSO2,B11,Destination[1],,384PP_Dest,N3,0,0,,,1465,1465,17.898,99.532,Percent,DMSO,
Source[1],,384PP_DMSO2,B11,Destination[1],,384PP_Dest,N4,0,0,,,1382.5,1382.5,16.516,99.532,Percent,DMSO,
Source[1],,384PP_DMSO2,B11,Destination[1],,384PP_Dest,N5,0,0,,,847.5,847.5,15.668,99.532,Percent,DMSO,
Source[1],,384PP_DMSO2,B12,Destination[1],,384PP_Dest,N6,0,0,,,952.5,952.5,62.051,99.701,Percent,DMSO,
Source[1],,384PP_DMSO2,B12,Destination[1],,384PP_Dest,N7,0,0,,,555,555,61.496,99.701,Percent,DMSO,
Source[1],,384PP_DMSO2,B12,Destination[1],,384PP_Dest,N9,0,0,,,1500,1500,59.996,99.701,Percent,DMSO,
Source[1],,384PP_DMSO2,B12,Destination[1],,384PP_Dest,N10,0,0,,,1495,1495,58.501,99.701,Percent,DMSO,
Source[1],,384PP_DMSO2,B12,Destination[1],,384PP_Dest,N11,0,0,,,1465,1465,57.036,99.701,Percent,DMSO,
Source[1],,384PP_DMSO2,B12,Destination[1],,384PP_Dest,N12,0,0,,,1382.5,1382.5,55.654,99.701,Percent,DMSO,
Source[1],,384PP_DMSO2,B12,Destination[1],,384PP_Dest,N13,0,0,,,1220,1220,54.434,99.701,Percent,DMSO,
Source[1],,384PP_DMSO2,B12,Destination[1],,384PP_Dest,N14,0,0,,,952.5,952.5,53.481,99.701,Percent,DMSO,
Source[1],,384PP_DMSO2,B12,Destination[1],,384PP_Dest,N15,0,0,,,555,555,53.611,99.701,Percent,DMSO,
Source[1],,384PP_DMSO2,B12,Destination[1],,384PP_Dest,N17,0,0,,,1500,1500,52.111,99.701,Percent,DMSO,
Source[1],,384PP_DMSO2,B12,Destination[1],,384PP_Dest,N18,0,0,,,1495,1495,50.616,99.701,Percent,DMSO,
Source[1],,384PP_DMSO2,B12,Destination[1],,384PP_Dest,N19,0,0,,,1465,1465,49.151,99.701,Percent,DMSO,
Source[1],,384PP_DMSO2,B12,Destination[1],,384PP_Dest,N20,0,0,,,1382.5,1382.5,47.768,99.701,Percent,DMSO,
Source[1],,384PP_DMSO2,B12,Destination[1],,384PP_Dest,N21,0,0,,,1220,1220,46.548,99.701,Percent,DMSO,
Source[1],,384PP_DMSO2,B12,Destination[1],,384PP_Dest,N22,0,0,,,952.5,952.5,45.596,99.701,Percent,DMSO,
Source[1],,384PP_DMSO2,B12,Destination[1],,384PP_Dest,N23,0,0,,,555,555,45.041,99.701,Percent,DMSO,
Source[1],,384PP_DMSO2,B12,Destination[1],,384PP_Dest,O1,0,0,,,1500,1500,42.861,99.701,Percent,DMSO,
Source[1],,384PP_DMSO2,B12,Destination[1],,384PP_Dest,O2,0,0,,,1495,1495,41.366,99.701,Percent,DMSO,
Source[1],,384PP_DMSO2,B12,Destination[1],,384PP_Dest,O3,0,0,,,1465,1465,39.901,99.701,Percent,DMSO,
Source[1],,384PP_DMSO2,B12,Destination[1],,384PP_Dest,O4,0,0,,,1382.5,1382.5,38.518,99.701,Percent,DMSO,
Source[1],,384PP_DMSO2,B12,Destination[1],,384PP_Dest,O5,0,0,,,1220,1220,37.298,99.701,Percent,DMSO,
Source[1],,384PP_DMSO2,B12,Destination[1],,384PP_Dest,O6,0,0,,,952.5,952.5,36.346,99.701,Percent,DMSO,
Source[1],,384PP_DMSO2,B12,Destination[1],,384PP_Dest,O7,0,0,,,555,555,35.791,99.701,Percent,DMSO,
Source[1],,384PP_DMSO2,B12,Destination[1],,384PP_Dest,O9,0,0,,,1500,1500,33.46,99.701,Percent,DMSO,
Source[1],,384PP_DMSO2,B12,Destination[1],,384PP_Dest,O10,0,0,,,1495,1495,31.965,99.701,Percent,DMSO,
Source[1],,384PP_DMSO2,B12,Destination[1],,384PP_Dest,O11,0,0,,,1465,1465,30.5,99.701,Percent,DMSO,
Source[1],,384PP_DMSO2,B12,Destination[1],,384PP_Dest,O12,0,0,,,1382.5,1382.5,29.118,99.701,Percent,DMSO,
Source[1],,384PP_DMSO2,B12,Destination[1],,384PP_Dest,O13,0,0,,,1220,1220,27.898,99.701,Percent,DMSO,
Source[1],,384PP_DMSO2,B12,Destination[1],,384PP_Dest,O14,0,0,,,952.5,952.5,26.945,99.701,Percent,DMSO,
Source[1],,384PP_DMSO2,B12,Destination[1],,384PP_Dest,O15,0,0,,,555,555,26.39,99.701,Percent,DMSO,
Source[1],,384PP_DMSO2,B12,Destination[1],,384PP_Dest,O17,0,0,,,1500,1500,24.051,99.701,Percent,DMSO,
Source[1],,384PP_DMSO2,B12,Destination[1],,384PP_Dest,O18,0,0,,,1495,1495,22.556,99.701,Percent,DMSO,
Source[1],,384PP_DMSO2,B12,Destination[1],,384PP_Dest,O19,0,0,,,1465,1465,21.091,99.701,Percent,DMSO,
Source[1],,384PP_DMSO2,B12,Destination[1],,384PP_Dest,O20,0,0,,,1382.5,1382.5,19.709,99.701,Percent,DMSO,
Source[1],,384PP_DMSO2,B12,Destination[1],,384PP_Dest,O21,0,0,,,1220,1220,18.489,99.701,Percent,DMSO,
Source[1],,384PP_DMSO2,B12,Destination[1],,384PP_Dest,O22,0,0,,,952.5,952.5,17.536,99.701,Percent,DMSO,
Source[1],,384PP_DMSO2,B12,Destination[1],,384PP_Dest,O23,0,0,,,555,555,16.981,99.701,Percent,DMSO,
Source[1],,384PP_DMSO2,B12,Destination[1],,384PP_Dest,P1,0,0,,,270,270,16.711,99.701,Percent,DMSO,
Source[1],,384PP_DMSO2,B13,Destination[1],,384PP_Dest,P2,0,0,,,1495,1495,41.826,99.701,Percent,DMSO,
Source[1],,384PP_DMSO2,B13,Destination[1],,384PP_Dest,P3,0,0,,,1465,1465,40.361,99.701,Percent,DMSO,
Source[1],,384PP_DMSO2,B13,Destination[1],,384PP_Dest,P4,0,0,,,1382.5,1382.5,38.979,99.701,Percent,DMSO,
Source[1],,384PP_DMSO2,B13,Destination[1],,384PP_Dest,P5,0,0,,,1220,1220,37.759,99.701,Percent,DMSO,
Source[1],,384PP_DMSO2,B13,Destination[1],,384PP_Dest,P6,0,0,,,952.5,952.5,36.806,99.701,Percent,DMSO,
Source[1],,384PP_DMSO2,B13,Destination[1],,384PP_Dest,P7,0,0,,,555,555,36.251,99.701,Percent,DMSO,
Source[1],,384PP_DMSO2,B13,Destination[1],,384PP_Dest,P9,0,0,,,1500,1500,34.751,99.701,Percent,DMSO,
Source[1],,384PP_DMSO2,B13,Destination[1],,384PP_Dest,P10,0,0,,,1495,1495,32.083,99.701,Percent,DMSO,
Source[1],,384PP_DMSO2,B13,Destination[1],,384PP_Dest,P11,0,0,,,1465,1465,30.618,99.701,Percent,DMSO,
Source[1],,384PP_DMSO2,B13,Destination[1],,384PP_Dest,P12,0,0,,,1382.5,1382.5,29.236,99.701,Percent,DMSO,
Source[1],,384PP_DMSO2,B13,Destination[1],,384PP_Dest,P13,0,0,,,1220,1220,28.016,99.701,Percent,DMSO,
Source[1],,384PP_DMSO2,B13,Destination[1],,384PP_Dest,P14,0,0,,,952.5,952.5,27.063,99.701,Percent,DMSO,
Source[1],,384PP_DMSO2,B13,Destination[1],,384PP_Dest,P15,0,0,,,555,555,26.508,99.701,Percent,DMSO,
Source[1],,384PP_DMSO2,B13,Destination[1],,384PP_Dest,P17,0,0,,,1500,1500,25.008,99.701,Percent,DMSO,
Source[1],,384PP_DMSO2,B13,Destination[1],,384PP_Dest,P18,0,0,,,1495,1495,22.519,98.247,Percent,DMSO,
Source[1],,384PP_DMSO2,B13,Destination[1],,384PP_Dest,P19,0,0,,,1465,1465,21.054,98.247,Percent,DMSO,
Source[1],,384PP_DMSO2,B13,Destination[1],,384PP_Dest,P20,0,0,,,1382.5,1382.5,19.672,98.247,Percent,DMSO,
Source[1],,384PP_DMSO2,B13,Destination[1],,384PP_Dest,P21,0,0,,,1220,1220,18.452,98.247,Percent,DMSO,
Source[1],,384PP_DMSO2,B13,Destination[1],,384PP_Dest,P22,0,0,,,952.5,952.5,17.499,98.247,Percent,DMSO,
Source[1],,384PP_DMSO2,B13,Destination[1],,384PP_Dest,P23,0,0,,,555,555,16.944,98.247,Percent,DMSO,

Instrument Name,E5XX-1564
Instrument Model,Echo 550
Instrument Serial Number,E5XX-1564
Instrument Software Version,2.5.15

